timestamp,time,mac_address,rssi,tx_power,rawX,rawY,pos_z,position_calculation_timestamp,position_calculation_status,markers_info
1764640583817,2025-12-02 10:56:23.817,AC:23:3F:26:3E:EF,-83,127,0.6361602374262494,27.033201687889385,1.455821850312141,1764640583817,calculated,
1764640584003,2025-12-02 10:56:24.003,AC:23:3F:26:3E:EF,-84,127,0.6178108731552772,27.00078991114482,1.4498976068564886,1764640584003,calculated,
1764640584273,2025-12-02 10:56:24.273,68:9E:19:03:95:F1,-79,127,0.6178108731552772,26.97760675319466,1.455821850312141,1764640584273,calculated,
1764640584598,2025-12-02 10:56:24.598,AC:23:3F:26:3E:EF,-80,127,0.6178108731552772,26.97222040848522,1.4637857103682177,1764640584598,calculated,
1764640584787,2025-12-02 10:56:24.787,AC:23:3F:26:3E:F2,-77,127,0.6178108731552772,26.9511800454356,1.4637857103682177,1764640584787,calculated,
1764640584871,2025-12-02 10:56:24.871,68:9E:19:03:95:84,-72,127,0.6350589499939596,26.912865663800392,1.4788787400849368,1764640584871,calculated,
1764640585026,2025-12-02 10:56:25.026,AC:23:3F:26:3E:F1,-63,127,0.6663486329222912,26.866020523006657,1.4788787400849368,1764640585026,calculated,
1764640585147,2025-12-02 10:56:25.147,68:9E:19:03:95:F1,-78,127,0.6956661327172686,26.840545145405457,1.4813489625173215,1764640585147,calculated,
1764640585292,2025-12-02 10:56:25.292,AC:23:3F:26:3E:EF,-82,127,0.6702837518368969,26.83452526584737,1.4813489625173215,1764640585292,calculated,
1764640585452,2025-12-02 10:56:25.452,68:9E:19:03:95:F1,-76,127,0.7221042175465668,26.653886069826164,1.4318784731169365,1764640585452,calculated,
1764640585558,2025-12-02 10:56:25.558,68:9E:19:03:95:F1,-81,127,0.7221042175465668,26.653886069826164,1.4318784731169365,1764640585558,calculated,
1764640585665,2025-12-02 10:56:25.665,68:9E:19:03:95:F1,-74,127,0.7215386294166801,26.52310238216834,1.431730473441729,1764640585665,calculated,
1764640585952,2025-12-02 10:56:25.952,AC:23:3F:26:3E:EF,-75,127,0.7172882378411849,26.48564755392919,1.4262929672924294,1764640585952,calculated,
1764640586095,2025-12-02 10:56:26.095,AC:23:3F:26:3E:EF,-74,127,0.7221042175465668,26.43911356841651,1.4240039878115958,1764640586095,calculated,
1764640586288,2025-12-02 10:56:26.288,68:9E:19:03:95:84,-91,127,0.7215386294166801,26.43911356841651,1.4240039878115958,1764640586288,calculated,
1764640586458,2025-12-02 10:56:26.458,AC:23:3F:26:3E:F1,-62,127,0.6812341388712841,26.22791708559966,1.4299900278350102,1764640586458,calculated,
1764640586636,2025-12-02 10:56:26.636,68:9E:19:03:95:F1,-81,127,0.6764667129510706,26.214308295665397,1.4307251328553297,1764640586636,calculated,
1764640586763,2025-12-02 10:56:26.763,AC:23:3F:26:3E:EF,-72,127,0.6687148654135491,26.147752376929205,1.425824935972622,1764640586763,calculated,
1764640586908,2025-12-02 10:56:26.908,AC:23:3F:26:3E:F1,-70,127,0.6633349562816224,26.130158216735,1.427028139894846,1764640586908,calculated,
1764640587002,2025-12-02 10:56:27.002,AC:23:3F:26:3E:F2,-72,127,0.6720353464734423,26.07133965567353,1.427028139894846,1764640587002,calculated,
1764640587184,2025-12-02 10:56:27.184,AC:23:3F:26:3E:F1,-62,127,0.6726297039753459,26.001923081288037,1.427028139894846,1764640587184,calculated,
1764640587338,2025-12-02 10:56:27.338,68:9E:19:03:95:F1,-75,127,0.7175883013530446,25.919568654469817,1.427028139894846,1764640587338,calculated,
1764640587449,2025-12-02 10:56:27.449,68:9E:19:03:95:F1,-74,127,0.7201734931652923,25.862789735812857,1.4283436245472834,1764640587449,calculated,
1764640587623,2025-12-02 10:56:27.623,AC:23:3F:26:3E:F1,-63,127,0.7252608908959104,25.80181209135781,1.4263756649833372,1764640587623,calculated,
1764640587753,2025-12-02 10:56:27.753,AC:23:3F:26:3E:F2,-85,127,0.7330055914816005,25.769802431963672,1.4235642523264624,1764640587753,calculated,
1764640587904,2025-12-02 10:56:27.904,68:9E:19:03:95:F1,-74,127,0.7252608908959104,25.741791345217734,1.4235642523264624,1764640587904,calculated,
1764640588052,2025-12-02 10:56:28.052,AC:23:3F:26:3E:EF,-71,127,0.7374926364922931,25.702948038120528,1.414640323218962,1764640588052,calculated,
1764640588140,2025-12-02 10:56:28.140,AC:23:3F:26:3E:EF,-81,127,0.7330055914816005,25.69315000388954,1.414640323218962,1764640588140,calculated,
1764640588313,2025-12-02 10:56:28.313,68:9E:19:03:95:F1,-86,127,0.7168669865846182,25.618407602457765,1.4012417041321596,1764640588313,calculated,
1764640588400,2025-12-02 10:56:28.400,68:9E:19:03:95:84,-68,127,0.6943567294783968,25.488474663040964,1.4235642523264624,1764640588400,calculated,
1764640588583,2025-12-02 10:56:28.583,68:9E:19:03:95:84,-73,127,0.6890537582913002,25.46621987756584,1.4036330764280192,1764640588583,calculated,
1764640588694,2025-12-02 10:56:28.694,68:9E:19:03:95:84,-70,127,0.6483359590271667,25.368841481036164,1.4263982371243658,1764640588694,calculated,
1764640588866,2025-12-02 10:56:28.866,AC:23:3F:26:3E:EF,-76,127,0.6483359590271667,25.33673851630472,1.4262211083588778,1764640588866,calculated,
1764640588913,2025-12-02 10:56:28.913,68:9E:19:03:95:84,-70,127,0.6293604713637059,25.306726831015165,1.3964104844313066,1764640588913,calculated,
1764640589159,2025-12-02 10:56:29.159,AC:23:3F:26:3E:F2,-85,127,0.6234852815755944,25.30321236183778,1.4113334207663366,1764640589159,calculated,
1764640589219,2025-12-02 10:56:29.219,68:9E:19:03:95:84,-72,127,0.6293604713637059,25.26894680895689,1.3937810462845177,1764640589219,calculated,
1764640589465,2025-12-02 10:56:29.465,68:9E:19:03:95:F1,-82,127,0.6363314944804741,25.16472034562544,1.3885977579198767,1764640589465,calculated,
1764640589651,2025-12-02 10:56:29.651,68:9E:19:03:95:84,-69,127,0.6472226623286793,25.137311242719296,1.379506850139881,1764640589651,calculated,
1764640589757,2025-12-02 10:56:29.757,68:9E:19:03:95:84,-68,127,0.6614454488034046,25.039615714117204,1.379506850139881,1764640589757,calculated,
1764640590040,2025-12-02 10:56:30.040,68:9E:19:03:95:84,-67,127,0.6886039283167342,24.9464763274818,1.3818156726746138,1764640590040,calculated,
1764640590188,2025-12-02 10:56:30.188,68:9E:19:03:95:F1,-78,127,0.6886039283167342,24.9464763274818,1.3818156726746138,1764640590188,calculated,
1764640590283,2025-12-02 10:56:30.283,68:9E:19:03:95:84,-68,127,0.6904520295360116,24.843634746520465,1.3789284110112543,1764640590283,calculated,
1764640590460,2025-12-02 10:56:30.460,AC:23:3F:26:3E:F2,-73,127,0.6904520295360116,24.80788097181184,1.3789284110112543,1764640590460,calculated,
1764640590566,2025-12-02 10:56:30.566,AC:23:3F:26:3E:F2,-76,127,0.6886039283167342,24.80645122249497,1.3818156726746138,1764640590566,calculated,
1764640590746,2025-12-02 10:56:30.746,AC:23:3F:26:3E:F1,-55,127,0.6886039283167342,24.760776058362843,1.3908454597785829,1764640590746,calculated,
1764640590827,2025-12-02 10:56:30.827,68:9E:19:03:95:F1,-75,127,0.6698343092926617,24.743141393370912,1.3984811344888954,1764640590827,calculated,
1764640591050,2025-12-02 10:56:31.050,68:9E:19:03:95:F1,-88,127,0.6566398674906256,24.594951835873736,1.3984811344888954,1764640591050,calculated,
1764640591246,2025-12-02 10:56:31.246,68:9E:19:03:95:F1,-74,127,0.6289223382608093,24.56747544316996,1.4027301345538852,1764640591246,calculated,
1764640591364,2025-12-02 10:56:31.364,AC:23:3F:26:3E:F1,-67,127,0.6175287739955798,24.478855831326733,1.4126361937231375,1764640591364,calculated,
1764640591525,2025-12-02 10:56:31.525,68:9E:19:03:95:84,-80,127,0.6175287739955798,24.464927370814006,1.427392820448996,1764640591525,calculated,
1764640591658,2025-12-02 10:56:31.658,68:9E:19:03:95:F1,-75,127,0.6175287739955798,24.464927370814006,1.427392820448996,1764640591658,calculated,
1764640591879,2025-12-02 10:56:31.879,AC:23:3F:26:3E:F2,-80,127,0.5677092594183487,24.42855504740627,1.427392820448996,1764640591879,calculated,
1764640592179,2025-12-02 10:56:32.179,68:9E:19:03:95:84,-82,127,0.5677092594183487,24.38668048287076,1.427392820448996,1764640592179,calculated,
1764640592388,2025-12-02 10:56:32.388,AC:23:3F:26:3E:F1,-52,127,0.7208336962986142,24.209804418039,1.3969970967104963,1764640592388,calculated,
1764640592471,2025-12-02 10:56:32.471,AC:23:3F:26:3E:EF,-80,127,0.7273318137968989,24.020966862009303,1.3969970967104963,1764640592471,calculated,
1764640592611,2025-12-02 10:56:32.611,AC:23:3F:26:3E:F1,-55,127,0.7273318137968989,24.005214544731142,1.3892559079976263,1764640592611,calculated,
1764640592790,2025-12-02 10:56:32.790,AC:23:3F:26:3E:F2,-90,127,0.7273318137968989,23.978842972303795,1.3952854153727154,1764640592790,calculated,
1764640592848,2025-12-02 10:56:32.848,68:9E:19:03:95:F1,-81,127,0.7177885454187434,23.93983651083392,1.3892559079976263,1764640592848,calculated,
1764640593101,2025-12-02 10:56:33.101,68:9E:19:03:95:84,-77,127,0.7177885454187434,23.93983651083392,1.3892559079976263,1764640593101,calculated,
1764640593178,2025-12-02 10:56:33.178,AC:23:3F:26:3E:EF,-91,127,0.6822223210781824,23.763477986983787,1.3952854153727154,1764640593178,calculated,
1764640593315,2025-12-02 10:56:33.315,AC:23:3F:26:3E:F2,-76,127,0.6629189724954134,23.63374706661841,1.396750427162901,1764640593315,calculated,
1764640593507,2025-12-02 10:56:33.507,68:9E:19:03:95:84,-68,127,0.6629189724954134,23.63374706661841,1.396750427162901,1764640593507,calculated,
1764640593578,2025-12-02 10:56:33.578,68:9E:19:03:95:F1,-70,127,0.6459250528200673,23.56269013407476,1.4042190196197246,1764640593578,calculated,
1764640593816,2025-12-02 10:56:33.816,68:9E:19:03:95:F1,-72,127,0.6409853289003731,23.50386602577461,1.4019880562736382,1764640593816,calculated,
1764640594016,2025-12-02 10:56:34.016,68:9E:19:03:95:F1,-72,127,0.6310587619344965,23.44880386734646,1.3973108172818818,1764640594016,calculated,
1764640594106,2025-12-02 10:56:34.106,AC:23:3F:26:3E:F2,-74,127,0.6310587619344965,23.44880386734646,1.3973108172818818,1764640594106,calculated,
1764640594376,2025-12-02 10:56:34.376,68:9E:19:03:95:84,-65,127,0.6710365346151612,23.161053998885823,1.3973108172818818,1764640594376,calculated,
1764640594565,2025-12-02 10:56:34.565,AC:23:3F:26:3E:EF,-80,127,0.6710365346151612,23.161053998885823,1.3973108172818818,1764640594565,calculated,
1764640594658,2025-12-02 10:56:34.658,68:9E:19:03:95:F1,-76,127,0.6828142603864633,23.102365074560375,1.3973108172818818,1764640594658,calculated,
1764640594812,2025-12-02 10:56:34.812,AC:23:3F:26:3E:F2,-83,127,0.6855249353337163,23.07184593405305,1.3961112177955926,1764640594812,calculated,
1764640594915,2025-12-02 10:56:34.915,68:9E:19:03:95:84,-73,127,0.6828142603864633,23.04515076368088,1.3961112177955926,1764640594915,calculated,
1764640595282,2025-12-02 10:56:35.282,68:9E:19:03:95:F1,-73,127,0.681199826217719,22.98939648192355,1.4000044446545594,1764640595282,calculated,
1764640595366,2025-12-02 10:56:35.366,AC:23:3F:26:3E:F1,-65,127,0.681199826217719,22.955604290600508,1.4101358718797574,1764640595366,calculated,
1764640595471,2025-12-02 10:56:35.471,AC:23:3F:26:3E:F1,-58,127,0.6741202204294856,22.82668102296236,1.4120906160570184,1764640595471,calculated,
1764640595745,2025-12-02 10:56:35.745,68:9E:19:03:95:84,-75,127,0.6456061980638992,22.712093663571665,1.4158274979222,1764640595745,calculated,
1764640596007,2025-12-02 10:56:36.007,AC:23:3F:26:3E:EF,-75,127,0.6195434429992779,22.64203690467613,1.4185529858493071,1764640596007,calculated,
1764640596193,2025-12-02 10:56:36.193,AC:23:3F:26:3E:F1,-58,127,0.617792834368639,22.571591310190467,1.4185529858493071,1764640596193,calculated,
1764640596384,2025-12-02 10:56:36.384,68:9E:19:03:95:84,-72,127,0.6195434429992779,22.56689825571384,1.4185529858493071,1764640596384,calculated,
1764640596470,2025-12-02 10:56:36.470,AC:23:3F:26:3E:F1,-51,127,0.6194393430430369,22.468004954055,1.4107148748268872,1764640596470,calculated,
1764640596498,2025-12-02 10:56:36.498,AC:23:3F:26:3E:EF,-92,127,0.6339278341326571,22.451241653119567,1.4115561915014694,1764640596498,calculated,
1764640596723,2025-12-02 10:56:36.723,AC:23:3F:26:3E:EF,-77,127,0.6441756004694708,22.329951008891328,1.4107148748268872,1764640596723,calculated,
1764640596799,2025-12-02 10:56:36.799,AC:23:3F:26:3E:F2,-84,127,0.6641813328066892,22.290969844093677,1.4115561915014694,1764640596799,calculated,
1764640597107,2025-12-02 10:56:37.107,68:9E:19:03:95:84,-68,127,0.6759477602534988,22.218739600301475,1.4132164154113696,1764640597107,calculated,
1764640597423,2025-12-02 10:56:37.423,AC:23:3F:26:3E:EF,-93,127,0.6759477602534988,22.155039379249665,1.4132164154113696,1764640597423,calculated,
1764640597563,2025-12-02 10:56:37.563,68:9E:19:03:95:F1,-70,127,0.6759477602534988,22.127400505795244,1.4132164154113696,1764640597563,calculated,
1764640597614,2025-12-02 10:56:37.614,AC:23:3F:26:3E:F1,-55,127,0.6652132585481865,22.08460858912517,1.4183091113127129,1764640597614,calculated,
1764640597924,2025-12-02 10:56:37.924,68:9E:19:03:95:84,-71,127,0.6281597660699267,21.89975167925897,1.4243616935908112,1764640597924,calculated,
1764640598129,2025-12-02 10:56:38.129,AC:23:3F:26:3E:EF,-81,127,0.6080226685211643,21.820166587473363,1.424026814112267,1764640598129,calculated,
1764640598321,2025-12-02 10:56:38.321,AC:23:3F:26:3E:F1,-54,127,0.5899049912666654,21.78546318248555,1.4248325050898794,1764640598321,calculated,
1764640598449,2025-12-02 10:56:38.449,68:9E:19:03:95:F1,-71,127,0.5907730470239481,21.74051390795769,1.4225812769099158,1764640598449,calculated,
1764640598641,2025-12-02 10:56:38.641,AC:23:3F:26:3E:F1,-71,127,0.5863278086244802,21.71241649012729,1.4175989328544902,1764640598641,calculated,
1764640598683,2025-12-02 10:56:38.683,AC:23:3F:26:3E:EF,-71,127,0.5907730470239481,21.65457404082001,1.4175989328544902,1764640598683,calculated,
1764640598858,2025-12-02 10:56:38.858,AC:23:3F:26:3E:EF,-73,127,0.6010387705723503,21.633605850192787,1.4175989328544902,1764640598858,calculated,
1764640598952,2025-12-02 10:56:38.952,68:9E:19:03:95:F1,-73,127,0.6019983266766125,21.59190831315913,1.4148378752701811,1764640598952,calculated,
1764640599175,2025-12-02 10:56:39.175,68:9E:19:03:95:F1,-76,127,0.6072270441775138,21.49909734881845,1.4148378752701811,1764640599175,calculated,
1764640599274,2025-12-02 10:56:39.274,68:9E:19:03:95:F1,-74,127,0.6128838227191407,21.49909734881845,1.4148378752701811,1764640599274,calculated,
1764640599438,2025-12-02 10:56:39.438,68:9E:19:03:95:84,-66,127,0.6522222786368346,21.38344730924972,1.4110450559019254,1764640599438,calculated,
1764640599558,2025-12-02 10:56:39.558,AC:23:3F:26:3E:EF,-72,127,0.6523042838408339,21.38344730924972,1.409467252129032,1764640599558,calculated,
1764640599675,2025-12-02 10:56:39.675,AC:23:3F:26:3E:F2,-78,127,0.6831669434869703,21.315641469056025,1.4010523876744767,1764640599675,calculated,
1764640599830,2025-12-02 10:56:39.830,68:9E:19:03:95:84,-68,127,0.7023444680273165,21.25201507585372,1.3733567915906255,1764640599830,calculated,
1764640600040,2025-12-02 10:56:40.040,68:9E:19:03:95:84,-66,127,0.706970163821137,21.189223430553174,1.3805301522723077,1764640600040,calculated,
1764640600089,2025-12-02 10:56:40.089,AC:23:3F:26:3E:EF,-70,127,0.706970163821137,21.189223430553174,1.3805301522723077,1764640600089,calculated,
1764640600256,2025-12-02 10:56:40.256,AC:23:3F:26:3E:EF,-79,127,0.6908618986748716,21.038511945694403,1.4040946726818162,1764640600256,calculated,
1764640600386,2025-12-02 10:56:40.386,AC:23:3F:26:3E:F2,-77,127,0.6757307558228605,20.91222105200199,1.420454799149019,1764640600386,calculated,
1764640600508,2025-12-02 10:56:40.508,AC:23:3F:26:3E:EF,-85,127,0.6757307558228605,20.91222105200199,1.420454799149019,1764640600508,calculated,
1764640600750,2025-12-02 10:56:40.750,AC:23:3F:26:3E:F1,-45,127,0.6757307558228605,20.87863729032814,1.420454799149019,1764640600750,calculated,
1764640600863,2025-12-02 10:56:40.863,68:9E:19:03:95:84,-67,127,0.660620206721513,20.85225361493924,1.4270521836540102,1764640600863,calculated,
1764640600945,2025-12-02 10:56:40.945,68:9E:19:03:95:F1,-67,127,0.6583043723699145,20.804347250664115,1.420454799149019,1764640600945,calculated,
1764640601091,2025-12-02 10:56:41.091,AC:23:3F:26:3E:F2,-82,127,0.6565414127377314,20.804347250664115,1.4242810766175822,1764640601091,calculated,
1764640601164,2025-12-02 10:56:41.164,AC:23:3F:26:3E:F2,-77,127,0.6565414127377314,20.804347250664115,1.4242810766175822,1764640601164,calculated,
1764640601407,2025-12-02 10:56:41.407,68:9E:19:03:95:84,-72,127,0.6778407975751695,20.628942152809717,1.4207722111186516,1764640601407,calculated,
1764640601456,2025-12-02 10:56:41.456,68:9E:19:03:95:F1,-78,127,0.6796709178565632,20.50844976454349,1.4162913756121545,1764640601456,calculated,
1764640601663,2025-12-02 10:56:41.663,68:9E:19:03:95:F1,-75,127,0.7143170020781259,20.482515853904182,1.4182386473504005,1764640601663,calculated,
1764640601702,2025-12-02 10:56:41.702,AC:23:3F:26:3E:EF,-76,127,0.7173243469591977,20.40336492178885,1.4166067103304314,1764640601702,calculated,
1764640602017,2025-12-02 10:56:42.017,68:9E:19:03:95:F1,-72,127,0.7184732397890784,20.35287332984088,1.4171462678042008,1764640602017,calculated,
1764640602187,2025-12-02 10:56:42.187,AC:23:3F:26:3E:EF,-83,127,0.7308351401104172,20.31284003922249,1.4171462678042008,1764640602187,calculated,
1764640602209,2025-12-02 10:56:42.209,68:9E:19:03:95:F1,-65,127,0.7059409714138108,20.29794653585249,1.4171462678042008,1764640602209,calculated,
1764640602453,2025-12-02 10:56:42.453,68:9E:19:03:95:84,-62,127,0.6827257185255565,20.203302876692096,1.4161491901925587,1764640602453,calculated,
1764640602614,2025-12-02 10:56:42.614,68:9E:19:03:95:F1,-78,127,0.6827257185255565,20.179559369489727,1.4161491901925587,1764640602614,calculated,
1764640602823,2025-12-02 10:56:42.823,68:9E:19:03:95:F1,-68,127,0.6467898483829084,20.08362893555208,1.4161491901925587,1764640602823,calculated,
1764640602890,2025-12-02 10:56:42.890,68:9E:19:03:95:84,-67,127,0.6520778435266359,20.066611672230348,1.4107436303465164,1764640602890,calculated,
1764640602960,2025-12-02 10:56:42.960,AC:23:3F:26:3E:F1,-59,127,0.6417174550180468,19.99322013401592,1.4088592331791925,1764640602960,calculated,
1764640603116,2025-12-02 10:56:43.116,AC:23:3F:26:3E:EF,-96,127,0.6417174550180468,19.899885179786708,1.408446248945072,1764640603116,calculated,
1764640603230,2025-12-02 10:56:43.230,68:9E:19:03:95:F1,-75,127,0.6520778435266359,19.887120824534747,1.408446248945072,1764640603230,calculated,
1764640603354,2025-12-02 10:56:43.354,68:9E:19:03:95:84,-74,127,0.6540026585817303,19.779273498234847,1.4052710614276689,1764640603354,calculated,
1764640603606,2025-12-02 10:56:43.606,68:9E:19:03:95:84,-67,127,0.6674431102011247,19.77631982098449,1.4009930617653577,1764640603606,calculated,
1764640603672,2025-12-02 10:56:43.672,68:9E:19:03:95:F1,-71,127,0.6760683242512353,19.676603583454227,1.4046257740268755,1764640603672,calculated,
1764640603918,2025-12-02 10:56:43.918,68:9E:19:03:95:84,-74,127,0.679535063959076,19.60640613141957,1.397928133657067,1764640603918,calculated,
1764640604211,2025-12-02 10:56:44.211,68:9E:19:03:95:F1,-74,127,0.6717020696165252,19.479887066494083,1.3926899955685,1764640604211,calculated,
1764640604370,2025-12-02 10:56:44.370,AC:23:3F:26:3E:F1,-53,127,0.6717020696165252,19.460677947084825,1.3926899955685,1764640604370,calculated,
1764640604464,2025-12-02 10:56:44.464,68:9E:19:03:95:84,-63,127,0.6524690297456763,19.31875973333711,1.4055593904197736,1764640604464,calculated,
1764640604666,2025-12-02 10:56:44.666,68:9E:19:03:95:84,-72,127,0.6472377384584616,19.31348856120357,1.4055593904197736,1764640604666,calculated,
1764640604775,2025-12-02 10:56:44.775,68:9E:19:03:95:F1,-83,127,0.6296840067213751,19.257333843910654,1.4053213869225136,1764640604775,calculated,
1764640604928,2025-12-02 10:56:44.928,68:9E:19:03:95:F1,-67,127,0.624198206550215,19.225186009920503,1.4053213869225136,1764640604928,calculated,
1764640605048,2025-12-02 10:56:45.048,68:9E:19:03:95:F1,-75,127,0.624198206550215,19.174429260015803,1.4053213869225136,1764640605048,calculated,
1764640605199,2025-12-02 10:56:45.199,AC:23:3F:26:3E:F2,-88,127,0.6127844375317727,19.147267608096666,1.4049278464732315,1764640605199,calculated,
1764640605280,2025-12-02 10:56:45.280,AC:23:3F:26:3E:EF,-80,127,0.6271446232647981,19.0779342528294,1.4053213869225136,1764640605280,calculated,
1764640605498,2025-12-02 10:56:45.498,68:9E:19:03:95:84,-61,127,0.6288955345286793,19.05770514096277,1.4049278464732315,1764640605498,calculated,
1764640605663,2025-12-02 10:56:45.663,68:9E:19:03:95:F1,-70,127,0.6432235447594203,18.94943251500853,1.4053213869225136,1764640605663,calculated,
1764640605749,2025-12-02 10:56:45.749,68:9E:19:03:95:F1,-63,127,0.6546625880455257,18.929831192936216,1.409737101561362,1764640605749,calculated,
1764640605913,2025-12-02 10:56:45.913,AC:23:3F:26:3E:F2,-81,127,0.6586949776658543,18.83731929682974,1.4049278464732315,1764640605913,calculated,
1764640606066,2025-12-02 10:56:46.066,AC:23:3F:26:3E:F2,-73,127,0.6659699673204205,18.81967191475946,1.4072248784079624,1764640606066,calculated,
1764640606097,2025-12-02 10:56:46.097,AC:23:3F:26:3E:F2,-72,127,0.6586949776658543,18.720584165888944,1.4067651917190358,1764640606097,calculated,
1764640606267,2025-12-02 10:56:46.267,68:9E:19:03:95:F1,-64,127,0.6586949776658543,18.715983109254328,1.4067651917190358,1764640606267,calculated,
1764640606428,2025-12-02 10:56:46.428,68:9E:19:03:95:84,-62,127,0.6586949776658543,18.598581654469736,1.4067651917190358,1764640606428,calculated,
1764640606595,2025-12-02 10:56:46.595,68:9E:19:03:95:F1,-78,127,0.6586949776658543,18.598581654469736,1.4067651917190358,1764640606595,calculated,
1764640606750,2025-12-02 10:56:46.750,68:9E:19:03:95:84,-77,127,0.6586949776658543,18.598581654469736,1.4067651917190358,1764640606750,calculated,
1764640606856,2025-12-02 10:56:46.856,68:9E:19:03:95:84,-71,127,0.6326696735148702,18.48285606339317,1.4103604245229675,1764640606856,calculated,
1764640606963,2025-12-02 10:56:46.963,68:9E:19:03:95:84,-69,127,0.6228053267352839,18.46810285398897,1.4067651917190358,1764640606963,calculated,
1764640607116,2025-12-02 10:56:47.116,68:9E:19:03:95:F1,-66,127,0.6030762200468041,18.35865822038606,1.4103604245229675,1764640607116,calculated,
1764640607288,2025-12-02 10:56:47.288,AC:23:3F:26:3E:F2,-78,127,0.6030762200468041,18.35865822038606,1.4103604245229675,1764640607288,calculated,
1764640607404,2025-12-02 10:56:47.404,AC:23:3F:26:3E:F1,-84,127,0.6030762200468041,18.263667205768044,1.4103604245229675,1764640607404,calculated,
1764640607539,2025-12-02 10:56:47.539,68:9E:19:03:95:F1,-62,127,0.6030762200468041,18.263667205768044,1.4103604245229675,1764640607539,calculated,
1764640607902,2025-12-02 10:56:47.902,AC:23:3F:26:3E:F1,-66,127,0.6881126190387357,17.940687995453324,1.4061592360867436,1764640607902,calculated,
1764640607961,2025-12-02 10:56:47.961,AC:23:3F:26:3E:F1,-64,127,0.6991399432238796,17.889687624231637,1.4061592360867436,1764640607961,calculated,
1764640608098,2025-12-02 10:56:48.098,AC:23:3F:26:3E:EF,-76,127,0.6903852328168738,17.876853062622303,1.4224648631485983,1764640608098,calculated,
1764640608307,2025-12-02 10:56:48.307,AC:23:3F:26:3E:F1,-70,127,0.6903852328168738,17.834934155915683,1.4224648631485983,1764640608307,calculated,
1764640608378,2025-12-02 10:56:48.378,68:9E:19:03:95:F1,-64,127,0.6881126190387357,17.762709939551844,1.4245840977821465,1764640608378,calculated,
1764640608591,2025-12-02 10:56:48.591,68:9E:19:03:95:F1,-72,127,0.6881126190387357,17.750118826263783,1.4245840977821465,1764640608591,calculated,
1764640608621,2025-12-02 10:56:48.621,AC:23:3F:26:3E:F1,-67,127,0.6492523109546129,17.60464029982612,1.4245840977821465,1764640608621,calculated,
1764640608793,2025-12-02 10:56:48.793,68:9E:19:03:95:F1,-68,127,0.6492523109546129,17.57459540088571,1.4245840977821465,1764640608793,calculated,
1764640608919,2025-12-02 10:56:48.919,68:9E:19:03:95:F1,-62,127,0.6451154407654813,17.55573465291812,1.4245840977821465,1764640608919,calculated,
1764640609121,2025-12-02 10:56:49.121,68:9E:19:03:95:F1,-60,127,0.6451154407654813,17.537013076134617,1.4296013377513912,1764640609121,calculated,
1764640609182,2025-12-02 10:56:49.182,68:9E:19:03:95:84,-67,127,0.6378080378423079,17.45767602242783,1.4296013377513912,1764640609182,calculated,
1764640609312,2025-12-02 10:56:49.312,68:9E:19:03:95:F1,-67,127,0.6378080378423079,17.377321777686657,1.4296013377513912,1764640609312,calculated,
1764640609514,2025-12-02 10:56:49.514,AC:23:3F:26:3E:EF,-93,127,0.6501345606771609,17.310517789326298,1.4239930036201722,1764640609514,calculated,
1764640609625,2025-12-02 10:56:49.625,AC:23:3F:26:3E:F2,-75,127,0.650199272974401,17.252272418709527,1.420315458686434,1764640609625,calculated,
1764640609725,2025-12-02 10:56:49.725,AC:23:3F:26:3E:F1,-77,127,0.6799172518561418,17.18834381246169,1.418110061043916,1764640609725,calculated,
1764640609902,2025-12-02 10:56:49.902,68:9E:19:03:95:84,-73,127,0.6821896120005227,17.18802866798227,1.418110061043916,1764640609902,calculated,
1764640610044,2025-12-02 10:56:50.044,68:9E:19:03:95:F1,-65,127,0.6902542605773639,17.163568577157683,1.4118860459374978,1764640610044,calculated,
1764640610240,2025-12-02 10:56:50.240,AC:23:3F:26:3E:EF,-82,127,0.6994262446040038,17.115234273719672,1.4093912734322822,1764640610240,calculated,
1764640610267,2025-12-02 10:56:50.267,68:9E:19:03:95:F1,-64,127,0.6994262446040038,17.104159270032234,1.4038428427692775,1764640610267,calculated,
1764640610464,2025-12-02 10:56:50.464,68:9E:19:03:95:F1,-70,127,0.7026422994423716,17.069253310815455,1.4022267137099254,1764640610464,calculated,
1764640610546,2025-12-02 10:56:50.546,68:9E:19:03:95:84,-67,127,0.6948428490733802,16.944081141258025,1.4090247494703128,1764640610546,calculated,
1764640610750,2025-12-02 10:56:50.750,68:9E:19:03:95:84,-78,127,0.6915491371642579,16.916249852578396,1.4090247494703128,1764640610750,calculated,
1764640610876,2025-12-02 10:56:50.876,AC:23:3F:26:3E:EF,-71,127,0.6768739762864403,16.82110970999656,1.4218626872681337,1764640610876,calculated,
1764640611109,2025-12-02 10:56:51.109,68:9E:19:03:95:F1,-67,127,0.6438260368258457,16.72165000701183,1.4208493776241622,1764640611109,calculated,
1764640611379,2025-12-02 10:56:51.379,68:9E:19:03:95:84,-78,127,0.627509400090048,16.649056529636532,1.4218626872681337,1764640611379,calculated,
1764640611526,2025-12-02 10:56:51.526,68:9E:19:03:95:F1,-63,127,0.6218909336861776,16.620407934060715,1.413578788080864,1764640611526,calculated,
1764640611639,2025-12-02 10:56:51.639,68:9E:19:03:95:F1,-58,127,0.6246121275066785,16.53956793049012,1.419376644251014,1764640611639,calculated,
1764640611846,2025-12-02 10:56:51.846,68:9E:19:03:95:F1,-62,127,0.6246121275066785,16.524039566091375,1.419376644251014,1764640611846,calculated,
1764640611918,2025-12-02 10:56:51.918,68:9E:19:03:95:84,-78,127,0.647923518598333,16.40508288605095,1.41338582419753,1764640611918,calculated,
1764640612154,2025-12-02 10:56:52.154,68:9E:19:03:95:F1,-67,127,0.6663352081883281,16.38470511751085,1.412067100847894,1764640612154,calculated,
1764640612392,2025-12-02 10:56:52.392,AC:23:3F:26:3E:EF,-68,127,0.6806722709134695,16.30643779077925,1.4031171486573435,1764640612392,calculated,
1764640612459,2025-12-02 10:56:52.459,AC:23:3F:26:3E:F2,-66,127,0.6849114480852424,16.264938234301574,1.390670300035763,1764640612459,calculated,
1764640612684,2025-12-02 10:56:52.684,68:9E:19:03:95:F1,-62,127,0.6858016453336864,16.225639812008335,1.3870123258025302,1764640612684,calculated,
1764640612807,2025-12-02 10:56:52.807,AC:23:3F:26:3E:F2,-83,127,0.6849114480852424,16.177957747060216,1.3870123258025302,1764640612807,calculated,
1764640612888,2025-12-02 10:56:52.888,AC:23:3F:26:3E:F2,-69,127,0.6849114480852424,16.138666632431693,1.385471067806647,1764640612888,calculated,
1764640612987,2025-12-02 10:56:52.987,68:9E:19:03:95:F1,-60,127,0.6759447212645311,16.031403431624334,1.4019860288426622,1764640612987,calculated,
1764640613198,2025-12-02 10:56:53.198,68:9E:19:03:95:F1,-62,127,0.6759447212645311,16.02691010704128,1.4019860288426622,1764640613198,calculated,
1764640613294,2025-12-02 10:56:53.294,AC:23:3F:26:3E:F1,-84,127,0.6387021264910766,15.920274141116572,1.4145205302143424,1764640613294,calculated,
1764640613426,2025-12-02 10:56:53.426,AC:23:3F:26:3E:EF,-75,127,0.6387021264910766,15.920274141116572,1.4145205302143424,1764640613426,calculated,
1764640613534,2025-12-02 10:56:53.534,68:9E:19:03:95:F1,-56,127,0.62443043830314,15.903401738300031,1.4052902911695118,1764640613534,calculated,
1764640613720,2025-12-02 10:56:53.720,68:9E:19:03:95:F1,-62,127,0.6135654341663546,15.830690677826594,1.4090132989683468,1764640613720,calculated,
1764640613799,2025-12-02 10:56:53.799,68:9E:19:03:95:84,-80,127,0.584567486061463,15.768725606794632,1.4050247844894288,1764640613799,calculated,
1764640614022,2025-12-02 10:56:54.022,68:9E:19:03:95:84,-71,127,0.584567486061463,15.679745469432882,1.4039868415578998,1764640614022,calculated,
1764640614293,2025-12-02 10:56:54.293,AC:23:3F:26:3E:F2,-69,127,0.6050091542987014,15.59573420088092,1.4050247844894288,1764640614293,calculated,
1764640614504,2025-12-02 10:56:54.504,68:9E:19:03:95:84,-83,127,0.6050091542987014,15.59573420088092,1.4050247844894288,1764640614504,calculated,
1764640614574,2025-12-02 10:56:54.574,AC:23:3F:26:3E:F2,-63,127,0.6050091542987014,15.59573420088092,1.4050247844894288,1764640614574,calculated,
1764640614799,2025-12-02 10:56:54.799,68:9E:19:03:95:F1,-54,127,0.6459953866078484,15.450778421332496,1.412667261711351,1764640614799,calculated,
1764640614834,2025-12-02 10:56:54.834,68:9E:19:03:95:84,-78,127,0.6459953866078484,15.450778421332496,1.412667261711351,1764640614834,calculated,
1764640615017,2025-12-02 10:56:55.017,AC:23:3F:26:3E:F2,-66,127,0.6485817701368318,15.389381511642984,1.412667261711351,1764640615017,calculated,
1764640615120,2025-12-02 10:56:55.120,68:9E:19:03:95:F1,-55,127,0.6513056253190563,15.349209846283689,1.412667261711351,1764640615120,calculated,
1764640615304,2025-12-02 10:56:55.304,68:9E:19:03:95:F1,-63,127,0.6724427026686561,15.298518792427076,1.4061628218321471,1764640615304,calculated,
1764640615420,2025-12-02 10:56:55.420,68:9E:19:03:95:F1,-59,127,0.6660244316488473,15.225726465870531,1.4100070096336408,1764640615420,calculated,
1764640615554,2025-12-02 10:56:55.554,68:9E:19:03:95:84,-83,127,0.6620766522092107,15.184053799172124,1.4100070096336408,1764640615554,calculated,
1764640615637,2025-12-02 10:56:55.637,68:9E:19:03:95:F1,-56,127,0.6450163404646745,15.081467698224046,1.4153295030069009,1764640615637,calculated,
1764640615827,2025-12-02 10:56:55.827,AC:23:3F:26:3E:EF,-73,127,0.6431259031037415,15.067666675242204,1.4160189423936345,1764640615827,calculated,
1764640615963,2025-12-02 10:56:55.963,AC:23:3F:26:3E:EF,-68,127,0.6331888650419217,15.043575203388706,1.4188748846124335,1764640615963,calculated,
1764640616158,2025-12-02 10:56:56.158,AC:23:3F:26:3E:F1,-79,127,0.5941550736705636,14.908984204991818,1.4188748846124335,1764640616158,calculated,
1764640616362,2025-12-02 10:56:56.362,AC:23:3F:26:3E:F1,-75,127,0.5763976174051757,14.891437513105808,1.4188748846124335,1764640616362,calculated,
1764640616390,2025-12-02 10:56:56.390,AC:23:3F:26:3E:F2,-62,127,0.5710380990691887,14.868381772381705,1.4188748846124335,1764640616390,calculated,
1764640616664,2025-12-02 10:56:56.664,AC:23:3F:26:3E:EF,-90,127,0.5763976174051757,14.815953574689628,1.4090116531299328,1764640616664,calculated,
1764640616900,2025-12-02 10:56:56.900,68:9E:19:03:95:F1,-60,127,0.5770184994557424,14.77614891196209,1.408827415405334,1764640616900,calculated,
1764640616988,2025-12-02 10:56:56.988,68:9E:19:03:95:F1,-57,127,0.5831357322425821,14.753163619904557,1.408827415405334,1764640616988,calculated,
1764640617189,2025-12-02 10:56:57.189,68:9E:19:03:95:F1,-53,127,0.6276724849095393,14.593475553294551,1.4080096379038889,1764640617189,calculated,
1764640617402,2025-12-02 10:56:57.402,AC:23:3F:26:3E:F2,-70,127,0.643438134655837,14.570570138796324,1.4080096379038889,1764640617402,calculated,
1764640617536,2025-12-02 10:56:57.536,68:9E:19:03:95:F1,-54,127,0.6550589774692488,14.508726912533968,1.4043404066086929,1764640617536,calculated,
1764640617659,2025-12-02 10:56:57.659,68:9E:19:03:95:84,-83,127,0.6667014382140112,14.484062263681889,1.4043404066086929,1764640617659,calculated,
1764640617853,2025-12-02 10:56:57.853,68:9E:19:03:95:84,-81,127,0.6671601398272556,14.43282613872433,1.4025704932720149,1764640617853,calculated,
1764640617970,2025-12-02 10:56:57.970,AC:23:3F:26:3E:EF,-73,127,0.6724081728640752,14.408317950679283,1.400362832474637,1764640617970,calculated,
1764640618047,2025-12-02 10:56:58.047,68:9E:19:03:95:F1,-68,127,0.6712724793829962,14.369624176323494,1.3969202333792536,1764640618047,calculated,
1764640618249,2025-12-02 10:56:58.249,68:9E:19:03:95:F1,-61,127,0.6671601398272556,14.27546559009301,1.3969202333792536,1764640618249,calculated,
1764640618514,2025-12-02 10:56:58.514,AC:23:3F:26:3E:F2,-63,127,0.6671601398272556,14.254585149959246,1.3969202333792536,1764640618514,calculated,
1764640618633,2025-12-02 10:56:58.633,AC:23:3F:26:3E:F1,-75,127,0.6531398074718333,14.254585149959246,1.3969202333792536,1764640618633,calculated,
1764640618825,2025-12-02 10:56:58.825,AC:23:3F:26:3E:F2,-77,127,0.6447014871451193,14.156202001825676,1.4003498359879565,1764640618825,calculated,
1764640618999,2025-12-02 10:56:58.999,68:9E:19:03:95:84,-78,127,0.6274560316358758,14.077931615176508,1.411231218891054,1764640618999,calculated,
1764640619083,2025-12-02 10:56:59.083,AC:23:3F:26:3E:EF,-71,127,0.6274560316358758,14.077931615176508,1.411231218891054,1764640619083,calculated,
1764640619362,2025-12-02 10:56:59.362,AC:23:3F:26:3E:F1,-78,127,0.6133358139197564,13.98886980432055,1.4129013503176653,1764640619362,calculated,
1764640619523,2025-12-02 10:56:59.523,AC:23:3F:26:3E:EF,-71,127,0.5896864472858543,13.98886980432055,1.411231218891054,1764640619523,calculated,
1764640619615,2025-12-02 10:56:59.615,68:9E:19:03:95:F1,-58,127,0.6531448404811364,13.786641633062109,1.4488446370886126,1764640619615,calculated,
1764640619832,2025-12-02 10:56:59.832,68:9E:19:03:95:F1,-58,127,0.6640690669399378,13.751529723812215,1.4373606208757868,1764640619832,calculated,
1764640619913,2025-12-02 10:56:59.913,AC:23:3F:26:3E:F1,-78,127,0.7117046859919853,13.59844168237969,1.4373606208757868,1764640619913,calculated,
1764640620062,2025-12-02 10:57:00.062,AC:23:3F:26:3E:F1,-75,127,0.7117046859919853,13.59844168237969,1.4373606208757868,1764640620062,calculated,
1764640620161,2025-12-02 10:57:00.161,68:9E:19:03:95:F1,-62,127,0.7168272334734218,13.522211142087896,1.4373606208757868,1764640620161,calculated,
1764640620355,2025-12-02 10:57:00.355,68:9E:19:03:95:F1,-59,127,0.721569869383456,13.49011418115188,1.4373606208757868,1764640620355,calculated,
1764640620465,2025-12-02 10:57:00.465,68:9E:19:03:95:F1,-58,127,0.721569869383456,13.456666180797868,1.4296168173969763,1764640620465,calculated,
1764640620576,2025-12-02 10:57:00.576,68:9E:19:03:95:84,-74,127,0.7220362526902422,13.454999928594663,1.4296168173969763,1764640620576,calculated,
1764640620664,2025-12-02 10:57:00.664,68:9E:19:03:95:F1,-65,127,0.710015021518609,13.422546927818972,1.428963509107272,1764640620664,calculated,
1764640620884,2025-12-02 10:57:00.884,68:9E:19:03:95:F1,-56,127,0.7006508199308742,13.401372215294176,1.4252142240911754,1764640620884,calculated,
1764640620966,2025-12-02 10:57:00.966,AC:23:3F:26:3E:F2,-66,127,0.6776293909929161,13.326610011754672,1.4269873178842865,1764640620966,calculated,
1764640621115,2025-12-02 10:57:01.115,68:9E:19:03:95:84,-82,127,0.6657827191240655,13.299642241285827,1.4252142240911754,1764640621115,calculated,
1764640621191,2025-12-02 10:57:01.191,AC:23:3F:26:3E:EF,-63,127,0.6648409297925348,13.287705628501335,1.4296168173969763,1764640621191,calculated,
1764640621472,2025-12-02 10:57:01.472,68:9E:19:03:95:F1,-74,127,0.643676098151817,13.150077983440264,1.4404684776890448,1764640621472,calculated,
1764640621649,2025-12-02 10:57:01.649,AC:23:3F:26:3E:F1,-72,127,0.6317269894090285,13.10941530403179,1.444692241364335,1764640621649,calculated,
1764640621815,2025-12-02 10:57:01.815,68:9E:19:03:95:F1,-59,127,0.6435376179231052,13.065739846078015,1.4439458247011507,1764640621815,calculated,
1764640621938,2025-12-02 10:57:01.938,68:9E:19:03:95:84,-79,127,0.6317269894090285,13.0417177778814,1.4439458247011507,1764640621938,calculated,
1764640622032,2025-12-02 10:57:02.032,68:9E:19:03:95:F1,-65,127,0.643676098151817,12.962825192799553,1.443459609222779,1764640622032,calculated,
1764640622204,2025-12-02 10:57:02.204,AC:23:3F:26:3E:EF,-61,127,0.643676098151817,12.936980246486751,1.4430460977901327,1764640622204,calculated,
1764640622350,2025-12-02 10:57:02.350,68:9E:19:03:95:F1,-66,127,0.653112947653933,12.84860572789132,1.4404381220055034,1764640622350,calculated,
1764640622466,2025-12-02 10:57:02.466,68:9E:19:03:95:84,-80,127,0.6623141167841252,12.826544706755902,1.4404381220055034,1764640622466,calculated,
1764640622658,2025-12-02 10:57:02.658,68:9E:19:03:95:84,-88,127,0.6807479550700888,12.810991915166928,1.4404381220055034,1764640622658,calculated,
1764640622754,2025-12-02 10:57:02.754,AC:23:3F:26:3E:F1,-84,127,0.6946910206777471,12.744019695044432,1.4401686626504464,1764640622754,calculated,
1764640623091,2025-12-02 10:57:03.091,AC:23:3F:26:3E:F2,-67,127,0.7287046552113099,12.65695045207604,1.4255907627224382,1764640623091,calculated,
1764640623233,2025-12-02 10:57:03.233,68:9E:19:03:95:84,-80,127,0.7287046552113099,12.604960549017877,1.4246384251783948,1764640623233,calculated,
1764640623288,2025-12-02 10:57:03.288,68:9E:19:03:95:F1,-68,127,0.728914594185369,12.583330085724462,1.422130652463721,1764640623288,calculated,
1764640623513,2025-12-02 10:57:03.513,68:9E:19:03:95:F1,-66,127,0.6995590175429729,12.4769129312326,1.426515137036334,1764640623513,calculated,
1764640623604,2025-12-02 10:57:03.604,68:9E:19:03:95:F1,-68,127,0.6922479127406285,12.46087702174513,1.4246384251783948,1764640623604,calculated,
1764640623759,2025-12-02 10:57:03.759,AC:23:3F:26:3E:F2,-70,127,0.6638086577026225,12.324263954815638,1.426515137036334,1764640623759,calculated,
1764640623999,2025-12-02 10:57:03.999,AC:23:3F:26:3E:F1,-72,127,0.6638086577026225,12.324263954815638,1.426515137036334,1764640623999,calculated,
1764640624019,2025-12-02 10:57:04.019,AC:23:3F:26:3E:EF,-70,127,0.649363336883191,12.25351019523506,1.426515137036334,1764640624019,calculated,
1764640624242,2025-12-02 10:57:04.242,68:9E:19:03:95:F1,-67,127,0.6189290156500868,12.23979324640201,1.428853993863247,1764640624242,calculated,
1764640624324,2025-12-02 10:57:04.324,AC:23:3F:26:3E:EF,-69,127,0.6086196981303116,12.212154993755854,1.426515137036334,1764640624324,calculated,
1764640624496,2025-12-02 10:57:04.496,AC:23:3F:26:3E:F2,-64,127,0.5957859945104174,12.1886119297061,1.4244649824275486,1764640624496,calculated,
1764640624567,2025-12-02 10:57:04.567,68:9E:19:03:95:F1,-64,127,0.5957972961857727,12.158454740398856,1.4244649824275486,1764640624567,calculated,
1764640624789,2025-12-02 10:57:04.789,AC:23:3F:26:3E:F2,-64,127,0.5866586905447544,12.090158774779356,1.421457938034796,1764640624789,calculated,
1764640624875,2025-12-02 10:57:04.875,68:9E:19:03:95:F1,-71,127,0.6034346544167973,11.966507754869436,1.4248420990940105,1764640624875,calculated,
1764640625030,2025-12-02 10:57:05.030,AC:23:3F:26:3E:EF,-65,127,0.6034346544167973,11.957268126532888,1.4248420990940105,1764640625030,calculated,
1764640625197,2025-12-02 10:57:05.197,AC:23:3F:26:3E:F2,-84,127,0.633021929675523,11.824892334257092,1.4259996592127713,1764640625197,calculated,
1764640625361,2025-12-02 10:57:05.361,68:9E:19:03:95:F1,-64,127,0.6385861282200888,11.791585572804811,1.4259996592127713,1764640625361,calculated,
1764640625429,2025-12-02 10:57:05.429,AC:23:3F:26:3E:EF,-66,127,0.6485518421488243,11.76383634302669,1.422117595615911,1764640625429,calculated,
1764640625572,2025-12-02 10:57:05.572,68:9E:19:03:95:F1,-71,127,0.6551830827664409,11.7186601296831,1.422117595615911,1764640625572,calculated,
1764640625682,2025-12-02 10:57:05.682,68:9E:19:03:95:F1,-76,127,0.6491262094005162,11.675125296934183,1.420593497721618,1764640625682,calculated,
1764640625851,2025-12-02 10:57:05.851,68:9E:19:03:95:84,-79,127,0.655744092900156,11.654425862433436,1.4165172394915833,1764640625851,calculated,
1764640625914,2025-12-02 10:57:05.914,AC:23:3F:26:3E:F2,-63,127,0.6487015634912764,11.592008003124288,1.4149539824052548,1764640625914,calculated,
1764640626112,2025-12-02 10:57:06.112,AC:23:3F:26:3E:EF,-68,127,0.6485518421488243,11.55923630271703,1.4149539824052548,1764640626112,calculated,
1764640626194,2025-12-02 10:57:06.194,AC:23:3F:26:3E:F2,-64,127,0.6238502328710832,11.46070824914488,1.4188355775731056,1764640626194,calculated,
1764640626375,2025-12-02 10:57:06.375,68:9E:19:03:95:84,-80,127,0.6238502328710832,11.450067012479035,1.4188355775731056,1764640626375,calculated,
1764640626454,2025-12-02 10:57:06.454,AC:23:3F:26:3E:EF,-57,127,0.6169629979617096,11.393862529516529,1.4211805654812346,1764640626454,calculated,
1764640626642,2025-12-02 10:57:06.642,68:9E:19:03:95:F1,-69,127,0.5972879206291211,11.36196300859692,1.4319191137487912,1764640626642,calculated,
1764640626752,2025-12-02 10:57:06.752,68:9E:19:03:95:F1,-72,127,0.5814804707115167,11.333093702262031,1.4301721056257402,1764640626752,calculated,
1764640626909,2025-12-02 10:57:06.909,AC:23:3F:26:3E:F2,-66,127,0.5730691197129314,11.296121937023658,1.4330963353989414,1764640626909,calculated,
1764640627061,2025-12-02 10:57:07.061,68:9E:19:03:95:F1,-68,127,0.5706955354736428,11.262280770135552,1.4301721056257402,1764640627061,calculated,
1764640627220,2025-12-02 10:57:07.220,AC:23:3F:26:3E:F1,-71,127,0.5616336076395133,11.225777792754458,1.4211805654812346,1764640627220,calculated,
1764640627279,2025-12-02 10:57:07.279,68:9E:19:03:95:F1,-69,127,0.5692713466149465,11.225777792754458,1.42068323862313,1764640627279,calculated,
1764640627465,2025-12-02 10:57:07.465,AC:23:3F:26:3E:F1,-90,127,0.5692713466149465,11.158431385062904,1.42068323862313,1764640627465,calculated,
1764640627572,2025-12-02 10:57:07.572,AC:23:3F:26:3E:F1,-69,127,0.5730691197129314,11.146583180801173,1.42068323862313,1764640627572,calculated,
1764640627754,2025-12-02 10:57:07.754,68:9E:19:03:95:84,-82,127,0.6030261591745849,11.03234642260762,1.42068323862313,1764640627754,calculated,
1764640627804,2025-12-02 10:57:07.804,68:9E:19:03:95:F1,-73,127,0.6030261591745849,11.03234642260762,1.42068323862313,1764640627804,calculated,
1764640628004,2025-12-02 10:57:08.004,68:9E:19:03:95:F1,-72,127,0.6416249876304629,10.913949750795398,1.422324413414333,1764640628004,calculated,
1764640628080,2025-12-02 10:57:08.080,AC:23:3F:26:3E:EF,-60,127,0.6416249876304629,10.913949750795398,1.422324413414333,1764640628080,calculated,
1764640628277,2025-12-02 10:57:08.277,AC:23:3F:26:3E:F1,-83,127,0.6668717206375262,10.84699894980676,1.422324413414333,1764640628277,calculated,
1764640628358,2025-12-02 10:57:08.358,AC:23:3F:26:3E:F1,-69,127,0.6834078132425274,10.806931163300243,1.4230430544061483,1764640628358,calculated,
1764640628548,2025-12-02 10:57:08.548,68:9E:19:03:95:F1,-65,127,0.691931018995859,10.73591380541917,1.4286868697122357,1764640628548,calculated,
1764640628619,2025-12-02 10:57:08.619,AC:23:3F:26:3E:EF,-59,127,0.6914787714766426,10.666292631560008,1.4286868697122357,1764640628619,calculated,
1764640628797,2025-12-02 10:57:08.797,AC:23:3F:26:3E:EF,-70,127,0.6916781005192987,10.65747393699317,1.4260119099974176,1764640628797,calculated,
1764640628842,2025-12-02 10:57:08.842,68:9E:19:03:95:F1,-78,127,0.6690741715135478,10.56999490333852,1.4286868697122357,1764640628842,calculated,
1764640629156,2025-12-02 10:57:09.156,68:9E:19:03:95:84,-91,127,0.6608103904773199,10.507263941598746,1.4314780148791553,1764640629156,calculated,
1764640629352,2025-12-02 10:57:09.352,68:9E:19:03:95:84,-85,127,0.6330521550148616,10.39811507732356,1.4339843124560578,1764640629352,calculated,
1764640629455,2025-12-02 10:57:09.455,AC:23:3F:26:3E:F2,-67,127,0.627525655577618,10.366203893612925,1.4332254055443636,1764640629455,calculated,
1764640629672,2025-12-02 10:57:09.672,AC:23:3F:26:3E:EF,-62,127,0.6150807401961783,10.303551935408947,1.435718335713165,1764640629672,calculated,
1764640629884,2025-12-02 10:57:09.884,68:9E:19:03:95:84,-89,127,0.605370040742269,10.268887054197052,1.4391217919149166,1764640629884,calculated,
1764640629988,2025-12-02 10:57:09.988,68:9E:19:03:95:84,-90,127,0.6150807401961783,10.237092121426222,1.4396249749372272,1764640629988,calculated,
1764640630120,2025-12-02 10:57:10.120,AC:23:3F:26:3E:F2,-60,127,0.6261936748862449,10.18580797939632,1.4391217919149166,1764640630120,calculated,
1764640630203,2025-12-02 10:57:10.203,68:9E:19:03:95:84,-83,127,0.6460545375420117,10.114623151733772,1.4433467354985343,1764640630203,calculated,
1764640630367,2025-12-02 10:57:10.367,AC:23:3F:26:3E:EF,-61,127,0.6464453680020956,10.076452884849155,1.4433467354985343,1764640630367,calculated,
1764640630523,2025-12-02 10:57:10.523,68:9E:19:03:95:84,-90,127,0.6880540592317616,9.971258070564415,1.4384820614601364,1764640630523,calculated,
1764640630645,2025-12-02 10:57:10.645,68:9E:19:03:95:84,-82,127,0.6957809029614896,9.935943629900205,1.4384820614601364,1764640630645,calculated,
1764640630787,2025-12-02 10:57:10.787,AC:23:3F:26:3E:F1,-72,127,0.6979098794195989,9.923923565197,1.4359234836844763,1764640630787,calculated,
1764640630929,2025-12-02 10:57:10.929,AC:23:3F:26:3E:EF,-60,127,0.7040830888469563,9.90596783881714,1.4325901913033103,1764640630929,calculated,
1764640631037,2025-12-02 10:57:11.037,68:9E:19:03:95:84,-83,127,0.704696175086558,9.867427051752896,1.424463913189172,1764640631037,calculated,
1764640631259,2025-12-02 10:57:11.259,68:9E:19:03:95:F1,-74,127,0.7048015196214766,9.841773623817996,1.4169654334655746,1764640631259,calculated,
1764640631367,2025-12-02 10:57:11.367,68:9E:19:03:95:F1,-77,127,0.7044342227712428,9.750059680800506,1.424463913189172,1764640631367,calculated,
1764640631467,2025-12-02 10:57:11.467,68:9E:19:03:95:F1,-79,127,0.7040830888469563,9.718659528679016,1.4169654334655746,1764640631467,calculated,
1764640631604,2025-12-02 10:57:11.604,AC:23:3F:26:3E:F2,-63,127,0.6979098794195989,9.707455773959982,1.418799999528765,1764640631604,calculated,
1764640631766,2025-12-02 10:57:11.766,68:9E:19:03:95:F1,-84,127,0.6717661712518731,9.585009754178014,1.418799999528765,1764640631766,calculated,
1764640631866,2025-12-02 10:57:11.866,AC:23:3F:26:3E:F1,-78,127,0.6598790983078969,9.557287914074536,1.4279968920405683,1764640631866,calculated,
1764640632119,2025-12-02 10:57:12.119,AC:23:3F:26:3E:EF,-61,127,0.6181163009389322,9.481149032848712,1.4282382670831526,1764640632119,calculated,
1764640632360,2025-12-02 10:57:12.360,AC:23:3F:26:3E:EF,-59,127,0.6108908089513704,9.432083890691311,1.4293294862075594,1764640632360,calculated,
1764640632407,2025-12-02 10:57:12.407,68:9E:19:03:95:F1,-74,127,0.6150213319479869,9.38789253867283,1.4283888068792825,1764640632407,calculated,
1764640632593,2025-12-02 10:57:12.593,AC:23:3F:26:3E:F1,-84,127,0.6030094196574118,9.360481475993536,1.4283888068792825,1764640632593,calculated,
1764640632726,2025-12-02 10:57:12.726,68:9E:19:03:95:F1,-80,127,0.6150213319479869,9.27416392215961,1.4293294862075594,1764640632726,calculated,
1764640632848,2025-12-02 10:57:12.848,AC:23:3F:26:3E:EF,-60,127,0.621828554171338,9.247044719153832,1.4283888068792825,1764640632848,calculated,
1764640632937,2025-12-02 10:57:12.937,68:9E:19:03:95:84,-89,127,0.6533027930314463,9.133676770977493,1.430036776662276,1764640632937,calculated,
1764640633125,2025-12-02 10:57:13.125,68:9E:19:03:95:84,-81,127,0.6533027930314463,9.129528895927889,1.430036776662276,1764640633125,calculated,
1764640633194,2025-12-02 10:57:13.194,AC:23:3F:26:3E:F2,-62,127,0.6659072509695185,9.075260938498012,1.4283888068792825,1764640633194,calculated,
1764640633437,2025-12-02 10:57:13.437,68:9E:19:03:95:84,-80,127,0.6845378397012022,9.03626653703746,1.4228629038822564,1764640633437,calculated,
1764640633649,2025-12-02 10:57:13.649,68:9E:19:03:95:84,-76,127,0.6860501302571779,8.993779863450298,1.400037397785362,1764640633649,calculated,
1764640633727,2025-12-02 10:57:13.727,AC:23:3F:26:3E:F2,-54,127,0.6860501302571779,8.964109278395105,1.394811528284761,1764640633727,calculated,
1764640633967,2025-12-02 10:57:13.967,68:9E:19:03:95:84,-77,127,0.6885899598860826,8.901144329544714,1.387666196920591,1764640633967,calculated,
1764640633977,2025-12-02 10:57:13.977,AC:23:3F:26:3E:F1,-82,127,0.6846713219673263,8.866048276382728,1.3892068980874788,1764640633977,calculated,
1764640634185,2025-12-02 10:57:14.185,68:9E:19:03:95:F1,-79,127,0.6633636549199681,8.755378609076484,1.3890341424989212,1764640634185,calculated,
1764640634248,2025-12-02 10:57:14.248,AC:23:3F:26:3E:EF,-72,127,0.6576519558672802,8.723697548374787,1.3914501873773886,1764640634248,calculated,
1764640634432,2025-12-02 10:57:14.432,68:9E:19:03:95:F1,-75,127,0.6409413160380271,8.6368334105332,1.39401493365432,1764640634432,calculated,
1764640634532,2025-12-02 10:57:14.532,AC:23:3F:26:3E:EF,-56,127,0.6271396445044457,8.595329167778777,1.396662916662307,1764640634532,calculated,
1764640634710,2025-12-02 10:57:14.710,AC:23:3F:26:3E:F1,-78,127,0.6179222461573691,8.574108268694804,1.39979994985659,1764640634710,calculated,
1764640634917,2025-12-02 10:57:14.917,68:9E:19:03:95:84,-78,127,0.6179222461573691,8.554785831881127,1.396662916662307,1764640634917,calculated,
1764640635036,2025-12-02 10:57:15.036,68:9E:19:03:95:F1,-90,127,0.633045771055295,8.46530020244521,1.3991736386389015,1764640635036,calculated,
1764640635246,2025-12-02 10:57:15.246,68:9E:19:03:95:F1,-70,127,0.6367403654516427,8.434059117414177,1.3991736386389015,1764640635246,calculated,
1764640635290,2025-12-02 10:57:15.290,AC:23:3F:26:3E:EF,-54,127,0.652048401425473,8.331604268493553,1.396715405199238,1764640635290,calculated,
1764640635547,2025-12-02 10:57:15.547,68:9E:19:03:95:84,-87,127,0.7081423923897929,8.21241502954583,1.3919432798032678,1764640635547,calculated,
1764640635761,2025-12-02 10:57:15.761,AC:23:3F:26:3E:F2,-54,127,0.7081423923897929,8.20211834483889,1.3919432798032678,1764640635761,calculated,
1764640635819,2025-12-02 10:57:15.819,68:9E:19:03:95:F1,-78,127,0.7119321409129622,8.15000432201232,1.389792854415821,1764640635819,calculated,
1764640636015,2025-12-02 10:57:16.015,AC:23:3F:26:3E:F2,-55,127,0.7186726568711188,8.142878048557916,1.3848094558657422,1764640636015,calculated,
1764640636075,2025-12-02 10:57:16.075,68:9E:19:03:95:84,-82,127,0.7186726568711188,8.130073942729776,1.3841736506977156,1764640636075,calculated,
1764640636289,2025-12-02 10:57:16.289,68:9E:19:03:95:84,-80,127,0.7217029234087563,8.064819622337675,1.3778083326224455,1764640636289,calculated,
1764640636358,2025-12-02 10:57:16.358,AC:23:3F:26:3E:EF,-63,127,0.7186726568711188,8.053507809437988,1.383675623850555,1764640636358,calculated,
1764640636594,2025-12-02 10:57:16.594,68:9E:19:03:95:84,-85,127,0.7186726568711188,7.964514932697399,1.3778083326224455,1764640636594,calculated,
1764640636650,2025-12-02 10:57:16.650,68:9E:19:03:95:F1,-81,127,0.7073808999901543,7.846751134817561,1.3840990190150306,1764640636650,calculated,
1764640636824,2025-12-02 10:57:16.824,AC:23:3F:26:3E:F1,-90,127,0.6630008363174817,7.831398881077835,1.3894210212349414,1764640636824,calculated,
1764640636914,2025-12-02 10:57:16.914,AC:23:3F:26:3E:F2,-65,127,0.6418039896217247,7.731831986538391,1.3943318905552795,1764640636914,calculated,
1764640637066,2025-12-02 10:57:17.066,AC:23:3F:26:3E:EF,-65,127,0.6067312734957193,7.731831986538391,1.3976331045106607,1764640637066,calculated,
1764640637166,2025-12-02 10:57:17.166,68:9E:19:03:95:F1,-75,127,0.6067312734957193,7.695883376199491,1.3964879353670503,1764640637166,calculated,
1764640637343,2025-12-02 10:57:17.343,AC:23:3F:26:3E:EF,-67,127,0.5932747585791209,7.670011000600151,1.3976331045106607,1764640637343,calculated,
1764640637470,2025-12-02 10:57:17.470,68:9E:19:03:95:F1,-78,127,0.6067312734957193,7.670011000600151,1.3976331045106607,1764640637470,calculated,
1764640637704,2025-12-02 10:57:17.704,68:9E:19:03:95:84,-83,127,0.5808439024656201,7.603073539739465,1.3976331045106607,1764640637704,calculated,
1764640637867,2025-12-02 10:57:17.867,AC:23:3F:26:3E:F2,-51,127,0.6274759593172072,7.575424420825378,1.3964879353670503,1764640637867,calculated,
1764640637919,2025-12-02 10:57:17.919,68:9E:19:03:95:F1,-74,127,0.6274759593172072,7.557252107961263,1.3964879353670503,1764640637919,calculated,
1764640638141,2025-12-02 10:57:18.141,68:9E:19:03:95:F1,-80,127,0.6778067796197675,7.364940973625497,1.3792030509161928,1764640638141,calculated,
1764640638197,2025-12-02 10:57:18.197,68:9E:19:03:95:84,-94,127,0.6783207993190052,7.364940973625497,1.3792030509161928,1764640638197,calculated,
1764640638426,2025-12-02 10:57:18.426,68:9E:19:03:95:F1,-81,127,0.6877312854203721,7.325165383410461,1.3792030509161928,1764640638426,calculated,
1764640638557,2025-12-02 10:57:18.557,AC:23:3F:26:3E:EF,-63,127,0.7014386918097768,7.325165383410461,1.3792030509161928,1764640638557,calculated,
1764640638664,2025-12-02 10:57:18.664,AC:23:3F:26:3E:F1,-81,127,0.7695727907014289,7.136955816992478,1.350836467875966,1764640638664,calculated,
1764640638796,2025-12-02 10:57:18.796,68:9E:19:03:95:F1,-93,127,0.7695727907014289,7.136955816992478,1.350836467875966,1764640638796,calculated,
1764640638937,2025-12-02 10:57:18.937,AC:23:3F:26:3E:F1,-79,127,0.7695727907014289,7.136955816992478,1.350836467875966,1764640638937,calculated,
1764640639023,2025-12-02 10:57:19.023,68:9E:19:03:95:84,-91,127,0.7695727907014289,7.136955816992478,1.350836467875966,1764640639023,calculated,
1764640639210,2025-12-02 10:57:19.210,AC:23:3F:26:3E:EF,-69,127,0.7695727907014289,7.136955816992478,1.350836467875966,1764640639210,calculated,
1764640639275,2025-12-02 10:57:19.275,AC:23:3F:26:3E:F2,-59,127,0.6926021638946434,6.978596569912236,1.3667346742488125,1764640639275,calculated,
1764640639466,2025-12-02 10:57:19.466,68:9E:19:03:95:F1,-82,127,0.5983641005946077,6.916011809691009,1.407672919299488,1764640639466,calculated,
1764640639522,2025-12-02 10:57:19.522,AC:23:3F:26:3E:EF,-72,127,0.5983641005946077,6.83307170558019,1.407672919299488,1764640639522,calculated,
1764640639782,2025-12-02 10:57:19.782,68:9E:19:03:95:F1,-77,127,0.5983641005946077,6.820982334221641,1.4078461841912788,1764640639782,calculated,
1764640639842,2025-12-02 10:57:19.842,68:9E:19:03:95:84,-85,127,0.5983641005946077,6.776493276104046,1.403751943149837,1764640639842,calculated,
1764640640079,2025-12-02 10:57:20.079,AC:23:3F:26:3E:F1,-74,127,0.6160895631948502,6.653542252020644,1.403751943149837,1764640640079,calculated,
1764640640346,2025-12-02 10:57:20.346,AC:23:3F:26:3E:F1,-74,127,0.6554063715326763,6.548734548773628,1.403751943149837,1764640640346,calculated,
1764640640535,2025-12-02 10:57:20.535,AC:23:3F:26:3E:EF,-85,127,0.6571731651099066,6.48250103673546,1.403751943149837,1764640640535,calculated,
1764640640632,2025-12-02 10:57:20.632,AC:23:3F:26:3E:EF,-66,127,0.6793530851375609,6.423043960759297,1.3841147432740348,1764640640632,calculated,
1764640640794,2025-12-02 10:57:20.794,68:9E:19:03:95:84,-82,127,0.6998030083081024,6.376054641278575,1.3769373933657982,1764640640794,calculated,
1764640640884,2025-12-02 10:57:20.884,AC:23:3F:26:3E:F2,-58,127,0.70055620123379,6.349566559993304,1.3769373933657982,1764640640884,calculated,
1764640641107,2025-12-02 10:57:21.107,AC:23:3F:26:3E:F1,-82,127,0.7036322844813307,6.31882938337749,1.367760785426773,1764640641107,calculated,
1764640641323,2025-12-02 10:57:21.323,AC:23:3F:26:3E:EF,-68,127,0.7070368072677224,6.310575324690852,1.367760785426773,1764640641323,calculated,
1764640641395,2025-12-02 10:57:21.395,AC:23:3F:26:3E:F2,-65,127,0.6998030083081024,6.222707053475969,1.3720970466232414,1764640641395,calculated,
1764640641601,2025-12-02 10:57:21.601,AC:23:3F:26:3E:F2,-61,127,0.6886367928739847,6.176087797401644,1.3802993648338642,1764640641601,calculated,
1764640641685,2025-12-02 10:57:21.685,68:9E:19:03:95:F1,-77,127,0.633759675017153,6.0527514345651845,1.3963984351949394,1764640641685,calculated,
1764640641875,2025-12-02 10:57:21.875,68:9E:19:03:95:F1,-86,127,0.633759675017153,6.0527514345651845,1.3963984351949394,1764640641875,calculated,
1764640641962,2025-12-02 10:57:21.962,68:9E:19:03:95:84,-83,127,0.6213131850771412,5.984033907927863,1.389052096865988,1764640641962,calculated,
1764640642107,2025-12-02 10:57:22.107,AC:23:3F:26:3E:F2,-62,127,0.6206119604413718,5.945547671617486,1.3963984351949394,1764640642107,calculated,
1764640642214,2025-12-02 10:57:22.214,68:9E:19:03:95:F1,-81,127,0.6099144579985218,5.936748036882715,1.3963984351949394,1764640642214,calculated,
1764640642409,2025-12-02 10:57:22.409,68:9E:19:03:95:F1,-80,127,0.6099144579985218,5.919130200892592,1.3963984351949394,1764640642409,calculated,
1764640642577,2025-12-02 10:57:22.577,68:9E:19:03:95:84,-82,127,0.6062874400320388,5.865514875558411,1.3963984351949394,1764640642577,calculated,
1764640642741,2025-12-02 10:57:22.741,68:9E:19:03:95:F1,-78,127,0.6099144579985218,5.775536327535248,1.389052096865988,1764640642741,calculated,
1764640642940,2025-12-02 10:57:22.940,AC:23:3F:26:3E:F2,-82,127,0.6099144579985218,5.734638153124027,1.3976925295818203,1764640642940,calculated,
1764640643047,2025-12-02 10:57:23.047,68:9E:19:03:95:F1,-80,127,0.6518360974515678,5.638298624271415,1.3927310604815426,1764640643047,calculated,
1764640643354,2025-12-02 10:57:23.354,68:9E:19:03:95:F1,-78,127,0.6801157219372811,5.51005072393422,1.377346873068412,1764640643354,calculated,
1764640643518,2025-12-02 10:57:23.518,68:9E:19:03:95:84,-81,127,0.688022057283139,5.50291638630611,1.377346873068412,1764640643518,calculated,
1764640643641,2025-12-02 10:57:23.641,AC:23:3F:26:3E:F2,-70,127,0.6816353441846856,5.48209815861579,1.3764629288208796,1764640643641,calculated,
1764640643744,2025-12-02 10:57:23.744,AC:23:3F:26:3E:EF,-76,127,0.6816353441846856,5.48209815861579,1.3764629288208796,1764640643744,calculated,
1764640643870,2025-12-02 10:57:23.870,AC:23:3F:26:3E:F1,-78,127,0.6801157219372811,5.447793369029657,1.3802814508123755,1764640643870,calculated,
1764640644115,2025-12-02 10:57:24.115,68:9E:19:03:95:F1,-76,127,0.6640401335934343,5.331117860241249,1.3874690972846755,1764640644115,calculated,
1764640644293,2025-12-02 10:57:24.293,68:9E:19:03:95:F1,-78,127,0.6551822718141276,5.282746392323384,1.3883218968676565,1764640644293,calculated,
1764640644362,2025-12-02 10:57:24.362,68:9E:19:03:95:84,-87,127,0.6238845945201686,5.15311090931427,1.389740275266993,1764640644362,calculated,
1764640644675,2025-12-02 10:57:24.675,AC:23:3F:26:3E:F1,-77,127,0.6039358694305905,5.094244490508677,1.4030206877184783,1764640644675,calculated,
1764640644809,2025-12-02 10:57:24.809,68:9E:19:03:95:F1,-81,127,0.5910762534748308,5.0774779809817225,1.4112989796632416,1764640644809,calculated,
1764640644938,2025-12-02 10:57:24.938,AC:23:3F:26:3E:F2,-76,127,0.593441200518418,5.0324965577542375,1.4073079401650352,1764640644938,calculated,
1764640645122,2025-12-02 10:57:25.122,68:9E:19:03:95:F1,-75,127,0.5841010003419673,4.995902394388136,1.4030206877184783,1764640645122,calculated,
1764640645265,2025-12-02 10:57:25.265,68:9E:19:03:95:84,-81,127,0.6039358694305905,4.958404153424544,1.4073079401650352,1764640645265,calculated,
1764640645361,2025-12-02 10:57:25.361,68:9E:19:03:95:84,-81,127,0.6054622517531314,4.925277589325392,1.4073079401650352,1764640645361,calculated,
1764640645523,2025-12-02 10:57:25.523,68:9E:19:03:95:F1,-80,127,0.6253381289011286,4.895629236786136,1.4056487877221482,1764640645523,calculated,
1764640645633,2025-12-02 10:57:25.633,68:9E:19:03:95:84,-90,127,0.6854735625070819,4.782029097970385,1.4056487877221482,1764640645633,calculated,
1764640645796,2025-12-02 10:57:25.796,AC:23:3F:26:3E:F2,-60,127,0.6998462505465166,4.760241085488556,1.4056487877221482,1764640645796,calculated,
1764640645907,2025-12-02 10:57:25.907,AC:23:3F:26:3E:EF,-75,127,0.718673303992585,4.703444265361204,1.4071490904491233,1764640645907,calculated,
1764640646168,2025-12-02 10:57:26.168,68:9E:19:03:95:84,-86,127,0.7205841109735256,4.658129219726481,1.404845624506157,1764640646168,calculated,
1764640646284,2025-12-02 10:57:26.284,AC:23:3F:26:3E:EF,-64,127,0.7290240462515041,4.641127961955495,1.404845624506157,1764640646284,calculated,
1764640646328,2025-12-02 10:57:26.328,AC:23:3F:26:3E:F2,-82,127,0.7212354837140957,4.594270775958067,1.404845624506157,1764640646328,calculated,
1764640646522,2025-12-02 10:57:26.522,AC:23:3F:26:3E:F1,-75,127,0.7336889581223716,4.579683406976131,1.4032014641252264,1764640646522,calculated,
1764640646594,2025-12-02 10:57:26.594,68:9E:19:03:95:F1,-72,127,0.6998462505465166,4.494261908142028,1.4054271407467214,1764640646594,calculated,
1764640646803,2025-12-02 10:57:26.803,AC:23:3F:26:3E:F1,-75,127,0.6990364260284423,4.467022095065731,1.4054271407467214,1764640646803,calculated,
1764640646926,2025-12-02 10:57:26.926,68:9E:19:03:95:F1,-74,127,0.6876033014433189,4.449421101781539,1.4054271407467214,1764640646926,calculated,
1764640647187,2025-12-02 10:57:27.187,AC:23:3F:26:3E:F2,-62,127,0.6200255955896448,4.3161828670541365,1.4204066518509422,1764640647187,calculated,
1764640647330,2025-12-02 10:57:27.330,AC:23:3F:26:3E:EF,-70,127,0.6110643522407929,4.277008353906586,1.4223081995010372,1764640647330,calculated,
1764640647468,2025-12-02 10:57:27.468,68:9E:19:03:95:84,-84,127,0.6062695628728748,4.244942950113067,1.419399061487653,1764640647468,calculated,
1764640647754,2025-12-02 10:57:27.754,AC:23:3F:26:3E:F2,-70,127,0.6062695628728748,4.197824041493742,1.419399061487653,1764640647754,calculated,
1764640647870,2025-12-02 10:57:27.870,68:9E:19:03:95:84,-83,127,0.6062695628728748,4.119657136123084,1.4136325274514188,1764640647870,calculated,
1764640647918,2025-12-02 10:57:27.918,AC:23:3F:26:3E:F2,-64,127,0.6211424147633611,4.00303292632826,1.4136325274514188,1764640647918,calculated,
1764640648185,2025-12-02 10:57:28.185,68:9E:19:03:95:84,-88,127,0.6457939665064452,3.984864790177485,1.409367034785386,1764640648185,calculated,
1764640648236,2025-12-02 10:57:28.236,AC:23:3F:26:3E:F1,-76,127,0.6829631671441351,3.881319751953745,1.4064482589111804,1764640648236,calculated,
1764640648400,2025-12-02 10:57:28.400,68:9E:19:03:95:F1,-81,127,0.6829631671441351,3.881319751953745,1.4064482589111804,1764640648400,calculated,
1764640648491,2025-12-02 10:57:28.491,68:9E:19:03:95:84,-85,127,0.6829631671441351,3.810365989001289,1.4049000118403894,1764640648491,calculated,
1764640648701,2025-12-02 10:57:28.701,AC:23:3F:26:3E:EF,-70,127,0.6842176507440825,3.809080967256537,1.3973192417055398,1764640648701,calculated,
1764640648733,2025-12-02 10:57:28.733,68:9E:19:03:95:F1,-74,127,0.6829631671441351,3.721369702192044,1.4048810177569666,1764640648733,calculated,
1764640648984,2025-12-02 10:57:28.984,AC:23:3F:26:3E:F1,-76,127,0.6717449554534699,3.6169937465275863,1.4049000118403894,1764640648984,calculated,
1764640649301,2025-12-02 10:57:29.301,AC:23:3F:26:3E:F2,-77,127,0.6416844735268143,3.5208226245425407,1.4107281134094147,1764640649301,calculated,
1764640649477,2025-12-02 10:57:29.477,68:9E:19:03:95:F1,-87,127,0.6416844735268143,3.5208226245425407,1.4107281134094147,1764640649477,calculated,
1764640649526,2025-12-02 10:57:29.526,AC:23:3F:26:3E:F1,-82,127,0.6183506729644677,3.414906657745393,1.4048810177569666,1764640649526,calculated,
1764640649745,2025-12-02 10:57:29.745,68:9E:19:03:95:84,-88,127,0.6024168717813978,3.414906657745393,1.4025469528225518,1764640649745,calculated,
1764640649845,2025-12-02 10:57:29.845,AC:23:3F:26:3E:EF,-77,127,0.6092775099990564,3.3821148007903457,1.4025469528225518,1764640649845,calculated,
1764640650079,2025-12-02 10:57:30.079,68:9E:19:03:95:84,-88,127,0.6024168717813978,3.3408996466173013,1.3977646204504433,1764640650079,calculated,
1764640650365,2025-12-02 10:57:30.365,68:9E:19:03:95:84,-85,127,0.6092775099990564,3.262045319756724,1.3977646204504433,1764640650365,calculated,
1764640650530,2025-12-02 10:57:30.530,68:9E:19:03:95:F1,-89,127,0.6888916610790806,3.1326599090438303,1.3977646204504433,1764640650530,calculated,
1764640650636,2025-12-02 10:57:30.636,AC:23:3F:26:3E:F2,-72,127,0.7667185140154923,2.979535742172513,1.3896109930965732,1764640650636,calculated,
1764640650801,2025-12-02 10:57:30.801,AC:23:3F:26:3E:EF,-67,127,0.7667185140154923,2.979535742172513,1.3896109930965732,1764640650801,calculated,
1764640650922,2025-12-02 10:57:30.922,AC:23:3F:26:3E:EF,-83,127,0.7636104787368457,2.8996069915493696,1.3896109930965732,1764640650922,calculated,
1764640651131,2025-12-02 10:57:31.131,68:9E:19:03:95:F1,-77,127,0.7721013327369559,2.8869832165718434,1.3795042890157811,1764640651131,calculated,
1764640651237,2025-12-02 10:57:31.237,68:9E:19:03:95:F1,-79,127,0.7664162675632309,2.8197056146872965,1.3838492662978594,1764640651237,calculated,
1764640651329,2025-12-02 10:57:31.329,68:9E:19:03:95:F1,-80,127,0.7664162675632309,2.798443910535227,1.3866799636412388,1764640651329,calculated,
1764640651449,2025-12-02 10:57:31.449,AC:23:3F:26:3E:F2,-68,127,0.7664162675632309,2.798443910535227,1.3866799636412388,1764640651449,calculated,
1764640651756,2025-12-02 10:57:31.756,68:9E:19:03:95:F1,-75,127,0.7188471093732773,2.6759409412955395,1.3908908624776193,1764640651756,calculated,
1764640651938,2025-12-02 10:57:31.938,AC:23:3F:26:3E:EF,-69,127,0.6810918424509268,2.5419439029385265,1.3911913525555166,1764640651938,calculated,
1764640652081,2025-12-02 10:57:32.081,68:9E:19:03:95:F1,-73,127,0.6725327279272544,2.470112357157516,1.3963903898552357,1764640652081,calculated,
1764640652208,2025-12-02 10:57:32.208,68:9E:19:03:95:F1,-73,127,0.6604941148791987,2.4564935122198817,1.3986301075626792,1764640652208,calculated,
1764640652244,2025-12-02 10:57:32.244,AC:23:3F:26:3E:F1,-80,127,0.657738855136168,2.3919329958432813,1.3963903898552357,1764640652244,calculated,
1764640652464,2025-12-02 10:57:32.464,68:9E:19:03:95:84,-82,127,0.656688658286112,2.3795429726358304,1.3986301075626792,1764640652464,calculated,
1764640652507,2025-12-02 10:57:32.507,AC:23:3F:26:3E:EF,-82,127,0.6604941148791987,2.275150832375604,1.4009048924189271,1764640652507,calculated,
1764640652705,2025-12-02 10:57:32.705,AC:23:3F:26:3E:F2,-71,127,0.6619185962857475,2.263629262470757,1.4009048924189271,1764640652705,calculated,
1764640652754,2025-12-02 10:57:32.754,68:9E:19:03:95:F1,-73,127,0.6619185962857475,2.263629262470757,1.4009048924189271,1764640652754,calculated,
1764640652985,2025-12-02 10:57:32.985,68:9E:19:03:95:84,-88,127,0.6894673901194833,2.1345091825924847,1.4009048924189271,1764640652985,calculated,
1764640653040,2025-12-02 10:57:33.040,AC:23:3F:26:3E:EF,-80,127,0.7164789286176303,2.0441085893615187,1.3979758443045132,1764640653040,calculated,
1764640653254,2025-12-02 10:57:33.254,68:9E:19:03:95:F1,-74,127,0.7221535097082523,2.033213503395716,1.3979758443045132,1764640653254,calculated,
1764640653401,2025-12-02 10:57:33.401,AC:23:3F:26:3E:F2,-72,127,0.7221535097082523,1.9559061534102156,1.3949884373907826,1764640653401,calculated,
1764640653492,2025-12-02 10:57:33.492,AC:23:3F:26:3E:F2,-72,127,0.7377721192866347,1.9503362006312988,1.3853560718093936,1764640653492,calculated,
1764640653638,2025-12-02 10:57:33.638,68:9E:19:03:95:84,-90,127,0.7197539657029695,1.943507519091153,1.3891774199180007,1764640653638,calculated,
1764640653751,2025-12-02 10:57:33.751,AC:23:3F:26:3E:EF,-67,127,0.6972875699337104,1.8427911549978733,1.3847942451212207,1764640653751,calculated,
1764640653882,2025-12-02 10:57:33.882,68:9E:19:03:95:F1,-74,127,0.6675674504405035,1.7109451221472258,1.3909274848716793,1764640653882,calculated,
1764640654077,2025-12-02 10:57:34.077,AC:23:3F:26:3E:EF,-67,127,0.6675674504405035,1.7109451221472258,1.3909274848716793,1764640654077,calculated,
1764640654192,2025-12-02 10:57:34.192,68:9E:19:03:95:F1,-74,127,0.6524189347062566,1.6237949272701144,1.399355541540167,1764640654192,calculated,
1764640654350,2025-12-02 10:57:34.350,68:9E:19:03:95:84,-85,127,0.6457006223879039,1.5992805720053842,1.4139648999457193,1764640654350,calculated,
1764640654462,2025-12-02 10:57:34.462,AC:23:3F:26:3E:EF,-70,127,0.6457006223879039,1.5240812540526552,1.414547417063765,1764640654462,calculated,
1764640654681,2025-12-02 10:57:34.681,68:9E:19:03:95:84,-85,127,0.6457006223879039,1.5206022383217133,1.4156360871056894,1764640654681,calculated,
1764640654723,2025-12-02 10:57:34.723,68:9E:19:03:95:F1,-86,127,0.6471120459930562,1.4631133141079158,1.4156360871056894,1764640654723,calculated,
1764640654885,2025-12-02 10:57:34.885,68:9E:19:03:95:84,-87,127,0.6471120459930562,1.4621655669004412,1.4156360871056894,1764640654885,calculated,
1764640654985,2025-12-02 10:57:34.985,AC:23:3F:26:3E:F2,-76,127,0.6493861521602147,1.451662999052884,1.414547417063765,1764640654985,calculated,
1764640655365,2025-12-02 10:57:35.365,68:9E:19:03:95:F1,-72,127,0.676602443985442,1.3487019294647542,1.4129209427566107,1764640655365,calculated,
1764640655462,2025-12-02 10:57:35.462,68:9E:19:03:95:F1,-75,127,0.6838460427902903,1.252368191264058,1.406522350721552,1764640655462,calculated,
1764640655516,2025-12-02 10:57:35.516,68:9E:19:03:95:84,-94,127,0.6912462599869532,1.2518419184831593,1.406522350721552,1764640655516,calculated,
1764640655726,2025-12-02 10:57:35.726,AC:23:3F:26:3E:EF,-81,127,0.7124410189638845,1.2001923349722807,1.406522350721552,1764640655726,calculated,
1764640655882,2025-12-02 10:57:35.882,AC:23:3F:26:3E:EF,-75,127,0.7124410189638845,1.1998019890985503,1.406522350721552,1764640655882,calculated,
1764640655991,2025-12-02 10:57:35.991,68:9E:19:03:95:F1,-77,127,0.7124410189638845,1.180900750639264,1.406522350721552,1764640655991,calculated,
1764640656106,2025-12-02 10:57:36.106,68:9E:19:03:95:F1,-75,127,0.7169778259486481,1.1721744829612442,1.406522350721552,1764640656106,calculated,
1764640656278,2025-12-02 10:57:36.278,AC:23:3F:26:3E:EF,-75,127,0.7173637497107843,1.1517630862135668,1.397961759963421,1764640656278,calculated,
1764640657379,2025-12-02 10:57:37.379,68:9E:19:03:95:F1,-74,127,0.7173637497107843,1.1517630862135668,1.397961759963421,1764640656278,no_images,
1764640657381,2025-12-02 10:57:37.381,AC:23:3F:26:3E:F2,-80,127,0.7173637497107843,1.1517630862135668,1.397961759963421,1764640656278,no_images,
1764640657384,2025-12-02 10:57:37.384,68:9E:19:03:95:84,-81,127,0.7173637497107843,1.1517630862135668,1.397961759963421,1764640656278,no_images,
