timestamp,time,mac_address,rssi,tx_power,rawX,rawY,pos_z,position_calculation_timestamp,position_calculation_status,markers_info,expectedX,expectedY,errorX,errorY,euclideanError
1764640583817,2025-12-02 10:56:23.817,AC:23:3F:26:3E:EF,-83,127,0.6361602374262494,27.033201687889385,1.455821850312141,1764640583817,calculated,,0.6361602374262494,27.033201687889385,0.0,0.0,0.0
1764640584003,2025-12-02 10:56:24.003,AC:23:3F:26:3E:EF,-84,127,0.6178108731552772,27.00078991114482,1.4498976068564886,1764640584003,calculated,,0.6363655448777551,26.96776545180647,-0.018554671722477933,0.03302445933834974,0.037879951918122046
1764640584273,2025-12-02 10:56:24.273,68:9E:19:03:95:F1,-79,127,0.6178108731552772,26.97760675319466,1.455821850312141,1764640584273,calculated,,0.6366635718234893,26.872777367169984,-0.018852698668212153,0.10482938602467584,0.10651114693488617
1764640584598,2025-12-02 10:56:24.598,AC:23:3F:26:3E:EF,-80,127,0.6178108731552772,26.97222040848522,1.4637857103682177,1764640584598,calculated,,0.637022307961873,26.75843985788532,-0.019211434806595817,0.21378055059989975,0.21464203465799606
1764640584787,2025-12-02 10:56:24.787,AC:23:3F:26:3E:F2,-77,127,0.6178108731552772,26.9511800454356,1.4637857103682177,1764640584787,calculated,,0.6372309268238869,26.691948198639782,-0.01942005366860977,0.25923184679581723,0.2599582444887289
1764640584871,2025-12-02 10:56:24.871,68:9E:19:03:95:84,-72,127,0.6350589499939596,26.912865663800392,1.4788787400849368,1764640584871,calculated,,0.6373236463181153,26.66239635008621,-0.0022646963241557128,0.25046931371418424,0.2504795519835803
1764640585026,2025-12-02 10:56:25.026,AC:23:3F:26:3E:F1,-63,127,0.6663486329222912,26.866020523006657,1.4788787400849368,1764640585026,calculated,,0.6374947358610368,26.607866153350447,0.028853897061254408,0.25815436965621075,0.25976186392197176
1764640585147,2025-12-02 10:56:25.147,68:9E:19:03:95:F1,-78,127,0.6956661327172686,26.840545145405457,1.4813489625173215,1764640585147,calculated,,0.6376282960848658,26.565297419124466,0.058037836632402806,0.27524772628099115,0.281300020092116
1764640585292,2025-12-02 10:56:25.292,AC:23:3F:26:3E:EF,-82,127,0.6702837518368969,26.83452526584737,1.4813489625173215,1764640585292,calculated,,0.63778834759276,26.514285299597464,0.03249540424413688,0.32023996624990403,0.32188443156003915
1764640585452,2025-12-02 10:56:25.452,68:9E:19:03:95:F1,-76,127,0.7221042175465668,26.653886069826164,1.4318784731169365,1764640585452,calculated,,0.637964956153195,26.457996064257323,0.0841392613933718,0.19589000556884173,0.21319547272299896
1764640585558,2025-12-02 10:56:25.558,68:9E:19:03:95:F1,-81,127,0.7221042175465668,26.653886069826164,1.4318784731169365,1764640585558,calculated,,0.6380819593244833,26.42070444584448,0.08402225822208353,0.23318162398168596,0.2478576398650541
1764640585665,2025-12-02 10:56:25.665,68:9E:19:03:95:F1,-74,127,0.7215386294166801,26.52310238216834,1.431730473441729,1764640585665,calculated,,0.6382000662992743,26.38306101971076,0.08333856311740584,0.14004136245758048,0.16296287706545093
1764640585952,2025-12-02 10:56:25.952,AC:23:3F:26:3E:EF,-75,127,0.7172882378411849,26.48564755392919,1.4262929672924294,1764640585952,calculated,,0.6385168579045546,26.28209220381938,0.0787713799366303,0.2035553501098093,0.2182652305234345
1764640586095,2025-12-02 10:56:26.095,AC:23:3F:26:3E:EF,-74,127,0.7221042175465668,26.43911356841651,1.4240039878115958,1764640586095,calculated,,0.6386747018054435,26.23178369973413,0.08342951574112334,0.20732986868237901,0.22348637216763548
1764640586288,2025-12-02 10:56:26.288,68:9E:19:03:95:84,-91,127,0.7215386294166801,26.43911356841651,1.4240039878115958,1764640586288,calculated,,0.6388877358814683,26.163884809605086,0.08265089353521182,0.27522875881142284,0.287370909938785
1764640586458,2025-12-02 10:56:26.458,AC:23:3F:26:3E:F1,-62,127,0.6812341388712841,26.22791708559966,1.4299900278350102,1764640586458,calculated,,0.6390753824769305,26.10407749705619,0.042158756394353625,0.12383958854347199,0.13081897580754442
1764640586636,2025-12-02 10:56:26.636,68:9E:19:03:95:F1,-81,127,0.6764667129510706,26.2143082956654,1.4307251328553297,1764640586636,calculated,,0.6392718595004145,26.04145572274028,0.037194853450656096,0.17285257292511957,0.17680913180616425
1764640586763,2025-12-02 10:56:26.763,AC:23:3F:26:3E:EF,-72,127,0.6687148654135491,26.147752376929205,1.425824935972622,1764640586763,calculated,,0.6394120425452599,25.996776142189045,0.029302822868289224,0.15097623474015975,0.153793624329379
1764640586908,2025-12-02 10:56:26.908,AC:23:3F:26:3E:F1,-70,127,0.6633349562816224,26.130158216735,1.427028139894846,1764640586908,calculated,,0.6395720940531541,25.94576402266204,0.02376286222846835,0.18439419407296143,0.18591904805346368
1764640587002,2025-12-02 10:56:27.002,AC:23:3F:26:3E:F2,-72,127,0.6720353464734423,26.07133965567353,1.427028139894846,1764640587002,calculated,,0.6396758515824097,25.91269409689971,0.032359494891032625,0.15864555877382003,0.1619121682526065
1764640587184,2025-12-02 10:56:27.184,AC:23:3F:26:3E:F1,-62,127,0.6726297039753459,26.00192308128804,1.427028139894846,1764640587184,calculated,,0.6398767438199046,25.848665091700298,0.03275296015544138,0.15325798958774328,0.15671875373234934
1764640587338,2025-12-02 10:56:27.338,68:9E:19:03:95:F1,-75,127,0.7175883013530446,25.919568654469817,1.427028139894846,1764640587338,calculated,,0.6400467295593233,25.794486702685415,0.07754157179372134,0.12508195178440218,0.14716721787964993
1764640587449,2025-12-02 10:56:27.449,68:9E:19:03:95:F1,-74,127,0.7201734931652923,25.862789735812857,1.4283436245472834,1764640587449,calculated,,0.6401692517481251,25.75543604566819,0.08000424141716722,0.10735369014466656,0.13388612113439335
1764640587623,2025-12-02 10:56:27.623,AC:23:3F:26:3E:F1,-63,127,0.7252608908959104,25.80181209135781,1.4263756649833372,1764640587623,calculated,,0.6403613135575982,25.694221502235788,0.08489957733831222,0.10759058912202235,0.13705354099711503
1764640587753,2025-12-02 10:56:27.753,AC:23:3F:26:3E:F2,-85,127,0.7330055914816005,25.769802431963672,1.4235642523264624,1764640587753,calculated,,0.6405048080129517,25.648486498521923,0.09250078346864876,0.12131593344174973,0.15255802387667747
1764640587904,2025-12-02 10:56:27.904,68:9E:19:03:95:F1,-74,127,0.7252608908959104,25.74179134521773,1.4235642523264624,1764640587904,calculated,,0.6406714823418623,25.595363532669666,0.08458940855404806,0.14642781254806536,0.16910491514777157
1764640588052,2025-12-02 10:56:28.052,AC:23:3F:26:3E:EF,-71,127,0.7374926364922931,25.702948038120528,1.414640323218962,1764640588052,calculated,,0.6408348452602647,25.543295989980034,0.09665779123202844,0.15965204814049372,0.18663200444004485
1764640588140,2025-12-02 10:56:28.140,AC:23:3F:26:3E:EF,-81,127,0.7330055914816005,25.69315000388954,1.414640323218962,1764640588140,calculated,,0.640931979968504,25.51233691054296,0.09207361151309645,0.18081309334657902,0.20290619670829008
1764640588313,2025-12-02 10:56:28.313,68:9E:19:03:95:F1,-86,127,0.7168669865846182,25.618407602457765,1.4012417041321596,1764640588313,calculated,,0.6411229379744744,25.451474174831432,0.07574404861014383,0.1669334276263328,0.18331374787214383
1764640588400,2025-12-02 10:56:28.400,68:9E:19:03:95:84,-68,127,0.6943567294783968,25.488474663040964,1.4235642523264624,1764640588400,calculated,,0.6412189688792109,25.42086690311523,0.053137760599185846,0.06760775992573542,0.08599087628156991
1764640588583,2025-12-02 10:56:28.583,68:9E:19:03:95:84,-73,127,0.6890537582913002,25.46621987756584,1.4036330764280192,1764640588583,calculated,,0.6414209649202085,25.356486090194945,0.04763279337109172,0.1097337873708959,0.11962603017359603
1764640588694,2025-12-02 10:56:28.694,68:9E:19:03:95:84,-70,127,0.6483359590271667,25.368841481036164,1.4263982371243658,1764640588694,calculated,,0.6415434871090103,25.31743543317772,0.006792471918156351,0.051406047858442605,0.05185286328818722
1764640588866,2025-12-02 10:56:28.866,AC:23:3F:26:3E:EF,-76,127,0.6483359590271667,25.33673851630472,1.4262211083588778,1764640588866,calculated,,0.6417333413114781,25.25692450518707,0.006602617715688597,0.07981401111765152,0.08008664639868575
1764640588913,2025-12-02 10:56:28.913,68:9E:19:03:95:84,-70,127,0.6293604713637059,25.306726831015165,1.3964104844313066,1764640588913,calculated,,0.6417852200761058,25.240389542305902,-0.012424748712399958,0.06633728870926348,0.06749081607050296
1764640589159,2025-12-02 10:56:29.159,AC:23:3F:26:3E:F2,-85,127,0.6234852815755944,25.30321236183778,1.4113334207663366,1764640589159,calculated,,0.6420567557377748,25.153844842970436,-0.018571474162180412,0.14936751886734356,0.15051762469937788
1764640589219,2025-12-02 10:56:29.219,68:9E:19:03:95:84,-72,127,0.6293604713637059,25.26894680895689,1.3937810462845177,1764640589219,calculated,,0.6421229839479379,25.132736379717883,-0.012762512584232,0.13621042923900717,0.13680702745450343
1764640589465,2025-12-02 10:56:29.465,68:9E:19:03:95:F1,-82,127,0.6363314944804741,25.16472034562544,1.3885977579198767,1764640589465,calculated,,0.6423945196096068,25.046191680382417,-0.006063025129132704,0.11852866524302286,0.1186836330671128
1764640589651,2025-12-02 10:56:29.651,68:9E:19:03:95:84,-69,127,0.6472226623286793,25.137311242719296,1.379506850139881,1764640589651,calculated,,0.6425998270611125,24.980755444299504,0.004622835267566794,0.15655579841979161,0.1566240359101038
1764640589757,2025-12-02 10:56:29.757,68:9E:19:03:95:84,-68,127,0.6614454488034046,25.039615714117204,1.379506850139881,1764640589757,calculated,,0.6427168302324008,24.94346382588666,0.01872861857100383,0.0961518882305441,0.09795890344362372
1764640590040,2025-12-02 10:56:30.040,68:9E:19:03:95:84,-67,127,0.6886039283167342,24.9464763274818,1.3818156726746138,1764640590040,calculated,,0.6430292066236702,24.843902240878787,0.04557472169306398,0.10257408660301337,0.1122430331906739
1764640590188,2025-12-02 10:56:30.188,68:9E:19:03:95:F1,-78,127,0.6886039283167342,24.9464763274818,1.3818156726746138,1764640590188,calculated,,0.6431925695420727,24.791834698189156,0.045411358774661514,0.15464162929264447,0.1611714150091284
1764640590283,2025-12-02 10:56:30.283,68:9E:19:03:95:84,-68,127,0.6904520295360116,24.843634746520465,1.3789284110112543,1764640590283,calculated,,0.643297430874831,24.758412964705947,0.04715459866118055,0.08522178181451778,0.09739768103265234
1764640590460,2025-12-02 10:56:30.460,AC:23:3F:26:3E:F2,-73,127,0.6904520295360116,24.80788097181184,1.3789284110112543,1764640590460,calculated,,0.6434928040948122,24.69614299811092,0.04695922544119935,0.11173797370092231,0.12120455280568214
1764640590566,2025-12-02 10:56:30.566,AC:23:3F:26:3E:F2,-76,127,0.6886039283167342,24.80645122249497,1.3818156726746138,1764640590566,calculated,,0.6436098072661005,24.658851379698074,0.04499412105063372,0.14759984279689675,0.15430549090290893
1764640590746,2025-12-02 10:56:30.746,AC:23:3F:26:3E:F1,-55,127,0.6886039283167342,24.760776058362843,1.3908454597785829,1764640590746,calculated,,0.64380849189659,24.595525989940416,0.044795436420144275,0.16525006842242718,0.17121394872406878
1764640590827,2025-12-02 10:56:30.827,68:9E:19:03:95:F1,-75,127,0.6698343092926617,24.743141393370912,1.3984811344888954,1764640590827,calculated,,0.6438978999803102,24.567029564549472,0.025936409312351527,0.1761118288214405,0.17801144226945131
1764640591050,2025-12-02 10:56:31.050,68:9E:19:03:95:F1,-88,127,0.6566398674906256,24.594951835873736,1.3984811344888954,1764640591050,calculated,,0.6441440481614166,24.488576442794148,0.012495819329209068,0.10637539307958832,0.10710681469236755
1764640591246,2025-12-02 10:56:31.246,68:9E:19:03:95:F1,-74,127,0.6289223382608093,24.56747544316996,1.4027301345538852,1764640591246,calculated,,0.6443603936479495,24.41962212950248,-0.01543805538714016,0.14785331366748267,0.14865710853030684
1764640591364,2025-12-02 10:56:31.364,AC:23:3F:26:3E:F1,-67,127,0.6175287739955798,24.478855831326733,1.4126361937231375,1764640591364,calculated,,0.6444906424612703,24.378108818439124,-0.026961868465690486,0.10074701288760934,0.1042923916541246
1764640591525,2025-12-02 10:56:31.525,68:9E:19:03:95:84,-80,127,0.6175287739955798,24.464927370814006,1.427392820448996,1764640591525,calculated,,0.6446683548252081,24.321467775378107,-0.027139580829628307,0.1434595954358997,0.1460041518938415
